cards	theme
Adeline, Resplendent Cathar|Enduring Innocence|Esper Sentinel	Aggro
Adeline, Resplendent Cathar|Enduring Innocence|Glimmer Lens	Value
Adeline, Resplendent Cathar|Enduring Innocence|Intrepid Adversary	Aggro
Adeline, Resplendent Cathar|Enduring Innocence|Luminarch Aspirant	Aggro
Adeline, Resplendent Cathar|Enduring Innocence|Skyclave Apparition	Aggro
Adeline, Resplendent Cathar|Enduring Innocence|Staff of the Storyteller	Value
Adeline, Resplendent Cathar|Esper Sentinel|Glimmer Lens	Aggro
Adeline, Resplendent Cathar|Esper Sentinel|Luminarch Aspirant	Aggro
Adeline, Resplendent Cathar|Glimmer Lens|Luminarch Aspirant	Aggro
Adeline, Resplendent Cathar|Glimmer Lens|Staff of the Storyteller	Value
Adeline, Resplendent Cathar|Intrepid Adversary|Novice Inspector|Witch Enchanter	Aggro
Adeline, Resplendent Cathar|Intrepid Adversary|Sanguine Evangelist	Aggro
Adeline, Resplendent Cathar|Intrepid Adversary|Staff of the Storyteller	Aggro
Adeline, Resplendent Cathar|Staff of the Storyteller|Witch Enchanter	Aggro
Adeline, Resplendent Cathar|Voice of Victory	Tokens
Badgermole Cub|Birds of Paradise|Llanowar Elves	Ramp
Badgermole Cub|Sentinel of the Nameless City|Springheart Nantuko	Value
Baleful Strix|Lutri, the Spellchaser	Blink/ETB
Birds of Paradise|Green Sun's Zenith|Llanowar Elves	Ramp
Birds of Paradise|Llanowar Elves|Primal Might	Ramp
Bitterblossom|Forsaken Miner|Mayhem Devil|The Meathook Massacre|Yawgmoth, Thran Physician	Sacrifice
Bitterblossom|Jadar, Ghoulcaller of Nephalia|The Meathook Massacre|Yawgmoth, Thran Physician	Sacrifice
Bitterblossom|Marionette Apprentice|The Meathook Massacre|Yawgmoth, Thran Physician	Sacrifice
Bitterblossom|Priest of Forgotten Gods|The Meathook Massacre|Yawgmoth, Thran Physician	Sacrifice
Bitterblossom|Sephiroth, Fabled SOLDIER|The Meathook Massacre|Yawgmoth, Thran Physician	Sacrifice
Bitterblossom|The Meathook Massacre|Warren Soultrader|Yawgmoth, Thran Physician	Sacrifice
Bloodghast|Bone Shards|Forsaken Miner|Sephiroth, Fabled SOLDIER	Sacrifice
Bloodghast|Forsaken Miner|Jadar, Ghoulcaller of Nephalia|Marionette Apprentice|Mayhem Devil|Yawgmoth, Thran Physician	Sacrifice
Bloodghast|Forsaken Miner|Jadar, Ghoulcaller of Nephalia|Mayhem Devil|Priest of Forgotten Gods|The Meathook Massacre|Yawgmoth, Thran Physician	Sacrifice
Bloodghast|Forsaken Miner|Jadar, Ghoulcaller of Nephalia|Mayhem Devil|Sephiroth, Fabled SOLDIER|Yawgmoth, Thran Physician	Sacrifice
Bloodghast|Forsaken Miner|Priest of Forgotten Gods|Sephiroth, Fabled SOLDIER|Yawgmoth, Thran Physician	Sacrifice
Bloodghast|Forsaken Miner|Priest of Forgotten Gods|Warren Soultrader|Yawgmoth, Thran Physician	Sacrifice
Bloodghast|Forsaken Miner|Sephiroth, Fabled SOLDIER|Warren Soultrader	Sacrifice
Bone Shards|Chthonian Nightmare|Jadar, Ghoulcaller of Nephalia|Sephiroth, Fabled SOLDIER|Yawgmoth, Thran Physician	Sacrifice
Bone Shards|Forsaken Miner|Jadar, Ghoulcaller of Nephalia|Sephiroth, Fabled SOLDIER|Yawgmoth, Thran Physician	Sacrifice
Bone Shards|Jadar, Ghoulcaller of Nephalia|Marionette Apprentice|Sephiroth, Fabled SOLDIER|Yawgmoth, Thran Physician	Sacrifice
Bone Shards|Jadar, Ghoulcaller of Nephalia|Sephiroth, Fabled SOLDIER|The Meathook Massacre|Yawgmoth, Thran Physician	Sacrifice
Bone Shards|Marionette Apprentice|The Meathook Massacre	Sacrifice
Bone Shards|Sephiroth, Fabled SOLDIER|Warren Soultrader	Sacrifice
Brainstorm|Kiora, the Rising Tide|Proft's Eidetic Memory	Draw
Bristly Bill, Spine Sower|Fanatic of Rhonas|Sandman, Shifting Scoundrel	Graveyard
Bristly Bill, Spine Sower|Ignoble Hierarch|Malevolent Rumble	Value
Bristly Bill, Spine Sower|Ignoble Hierarch|Scythecat Cub	Landfall
Burst Lightning|Chain Lightning	Removal
Chthonian Nightmare|Forsaken Miner|Jadar, Ghoulcaller of Nephalia|Sephiroth, Fabled SOLDIER|Yawgmoth, Thran Physician	Sacrifice
Chthonian Nightmare|Jadar, Ghoulcaller of Nephalia|Marionette Apprentice|Sephiroth, Fabled SOLDIER|Yawgmoth, Thran Physician	Sacrifice
Chthonian Nightmare|Jadar, Ghoulcaller of Nephalia|Sephiroth, Fabled SOLDIER|The Meathook Massacre|Yawgmoth, Thran Physician	Sacrifice
Cool but Rude|Currency Converter|Faithless Looting|Hardened Academic|Marauding Mako	Discard
Cool but Rude|Currency Converter|Faithless Looting|Inti, Seneschal of the Sun|Marauding Mako	Discard
Cool but Rude|Currency Converter|Faithless Looting|Ivora, Insatiable Heir|Marauding Mako	Discard
Cool but Rude|Faithless Looting|Hardened Academic|Inti, Seneschal of the Sun|Marauding Mako	Discard
Cool but Rude|Faithless Looting|Hardened Academic|Ivora, Insatiable Heir|Marauding Mako	Discard
Cool but Rude|Faithless Looting|Hardened Academic|Marauding Mako|Unholy Heat	Discard
Cool but Rude|Faithless Looting|Inti, Seneschal of the Sun|Ivora, Insatiable Heir|Marauding Mako	Discard
Cool but Rude|Faithless Looting|Inti, Seneschal of the Sun|Marauding Mako|Scrapwork Mutt	Discard
Cool but Rude|Fear of Missing Out|Ivora, Insatiable Heir	Discard
Cool but Rude|Hardened Academic|Scrapwork Mutt	Discard
Cool but Rude|Inti, Seneschal of the Sun|Ivora, Insatiable Heir|Scrapwork Mutt	Discard
Cool but Rude|Ivora, Insatiable Heir|Lightning Bolt	Discard
Counterspell|Force Spike	Counterspells
Counterspell|Memory Lapse	Counterspells
Cut Down|Forsaken Miner|Sephiroth, Fabled SOLDIER	Sacrifice
Cut Down|Sephiroth, Fabled SOLDIER|Warren Soultrader	Sacrifice
Cut Down|Sephiroth, Fabled SOLDIER|Yawgmoth, Thran Physician	Sacrifice
Delighted Halfling|Emeritus of Abundance|Malevolent Rumble	Graveyard
Delighted Halfling|Emeritus of Abundance|Uro, Titan of Nature's Wrath	Graveyard
Delighted Halfling|Ignoble Hierarch|Malevolent Rumble	Ramp
Detective's Phoenix|Fear of Missing Out	Graveyard
Dissection Tools|Staff of the Storyteller|Stoneforge Mystic	Aggro
Dragon's Rage Channeler|Stormchaser's Talent	Graveyard
Earthbender Ascension|Sentinel of the Nameless City|Springheart Nantuko	Landfall
Elvish Mystic|Ignoble Hierarch	Ramp/Dorks
Elvish Mystic|Llanowar Elves	Ramp/Dorks
Emeritus of Abundance|Fanatic of Rhonas|Uro, Titan of Nature's Wrath	Graveyard
Emeritus of Abundance|Llanowar Elves|Primal Might	Value
Enduring Innocence|Glimmer Lens|Staff of the Storyteller	Value
Ephemerate|Restoration Angel	Blink/ETB
Fanatic of Rhonas|Icetill Explorer	Graveyard
Fanatic of Rhonas|Six	Graveyard
Fear of Missing Out|Ivora, Insatiable Heir|Marauding Mako	Discard
Figure of Destiny|Hired Claw|Kumano Faces Kakkazan	Aggro
Force Spike|Stern Scolding	Counterspells
Forsaken Miner|Jadar, Ghoulcaller of Nephalia|Marionette Apprentice|Priest of Forgotten Gods|The Meathook Massacre|Warren Soultrader|Yawgmoth, Thran Physician	Sacrifice
Forsaken Miner|Jadar, Ghoulcaller of Nephalia|Marionette Apprentice|Sephiroth, Fabled SOLDIER|Yawgmoth, Thran Physician	Sacrifice
Forsaken Miner|Jadar, Ghoulcaller of Nephalia|Priest of Forgotten Gods|Sephiroth, Fabled SOLDIER|The Meathook Massacre|Yawgmoth, Thran Physician	Sacrifice
Forsaken Miner|Lord Skitter, Sewer King|Mayhem Devil|Yawgmoth, Thran Physician	Sacrifice
Forsaken Miner|Mayhem Devil|Sephiroth, Fabled SOLDIER|The Meathook Massacre|Yawgmoth, Thran Physician	Sacrifice
Forsaken Miner|Mayhem Devil|The Meathook Massacre|Warren Soultrader|Yawgmoth, Thran Physician	Sacrifice
Forsaken Miner|Priest of Forgotten Gods|Sephiroth, Fabled SOLDIER|Warren Soultrader|Yawgmoth, Thran Physician	Sacrifice
Forsaken Miner|Sephiroth, Fabled SOLDIER|The Meathook Massacre|Warren Soultrader|Yawgmoth, Thran Physician	Sacrifice
Giver of Runes|Novice Inspector|Witch Enchanter	Aggro
Giver of Runes|Stoneforge Mystic|Witch Enchanter	Aggro
Glimmer Lens|Mother of Runes|Oust	Aggro
Glimmer Lens|Novice Inspector|Witch Enchanter	Aggro
Glimmer Lens|Staff of the Storyteller|Stoneforge Mystic	Value
Glimmer Lens|Stoneforge Mystic|Witch Enchanter	Value
Grim Lavamancer|Tersa Lightshatter	Graveyard
Grim Lavamancer|Unholy Heat	Graveyard
Hired Claw|Kumano Faces Kakkazan|Laelia, the Blade Reforged	Aggro
Hired Claw|Kumano Faces Kakkazan|Lightning Bolt	Aggro
Icetill Explorer|Sandman, Shifting Scoundrel	Graveyard
Icetill Explorer|Six	Graveyard
Ignoble Hierarch|Malevolent Rumble|Sentinel of the Nameless City|Springheart Nantuko	Graveyard
Inquisition of Kozilek|Thoughtseize	Discard
Intrepid Adversary|Novice Inspector|Sanguine Evangelist|Witch Enchanter	Aggro
Intrepid Adversary|Novice Inspector|Warden of the Inner Sky|Witch Enchanter	Aggro
Ivora, Insatiable Heir|Voldaren Epicure	Sacrifice
Jadar, Ghoulcaller of Nephalia|Marionette Apprentice|Sephiroth, Fabled SOLDIER|The Meathook Massacre|Warren Soultrader|Yawgmoth, Thran Physician	Sacrifice
Monstrous Rage|Ragavan, Nimble Pilferer	Tokens
Novice Inspector|Practiced Offense|Witch Enchanter	Aggro
Novice Inspector|Stoneforge Mystic|Witch Enchanter	Aggro
Novice Inspector|Thraben Inspector	Sacrifice
Obsessive Pursuit|Sephiroth, Fabled SOLDIER|Yawgmoth, Thran Physician	Sacrifice
Ophiomancer|Priest of Forgotten Gods|Yawgmoth, Thran Physician	Sacrifice
Ophiomancer|The Meathook Massacre|Yawgmoth, Thran Physician	Sacrifice
Overlord of the Balemurk|Reanimate|Troll of Khazad-dûm	Graveyard
Robber of the Rich|Screaming Nemesis	Burn/Aggro
Skyclave Apparition|Stoneforge Mystic	Blink/ETB
