draft	player	kind	url
Ledger Shredder	Thor	initial	https://sealeddeck.tech/pXk8aSybFD
Ledger Shredder	adoodwithgood	initial	https://sealeddeck.tech/mp3URHCFbm
Ledger Shredder	murmur	initial	https://sealeddeck.tech/D37qtDb6eN
Ledger Shredder	murmur	rebuild	https://sealeddeck.tech/eEptz9zXix
Ledger Shredder	Aspi	initial	https://sealeddeck.tech/Xdizy1BSkv
Ledger Shredder	rhylax	initial	https://sealeddeck.tech/6HgYYPULN7
Ledger Shredder	muggu	initial	https://sealeddeck.tech/bfzSKZqiRP
Ledger Shredder	xenowan	initial	https://sealeddeck.tech/j2dwRbjLuu
Ledger Shredder	Simon	initial	https://sealeddeck.tech/zQX7bZWcB5
Ledger Shredder	Tim	initial	https://sealeddeck.tech/BRhWFLTXWa
Ledger Shredder	murmur	rebuild	https://sealeddeck.tech/eEptz9zXix
Ledger Shredder	Elfandor	initial	https://sealeddeck.tech/8GZ3KDL5oq
Ledger Shredder	Tim	rebuild	https://sealeddeck.tech/W7VH32tFkZ
Ledger Shredder	rhylax	rebuild	https://sealeddeck.tech/WoAsCEVSkW
Slickshot	Neo (Marc)	initial	https://sealeddeck.tech/powGsQZ9XK
Slickshot	yolonoke	initial	https://sealeddeck.tech/MBHGGRSjdU
Slickshot	mwc (Tom)	initial	https://sealeddeck.tech/EMMY1yyRCH
Slickshot	Rob	initial	https://sealeddeck.tech/JeoWUzKTSg
Slickshot	jacklionheart	initial	https://sealeddeck.tech/4Rggphnrve
Slickshot	Oophies	initial	https://sealeddeck.tech/Hcpq9X6ABk
Slickshot	Greg	initial	https://sealeddeck.tech/dygMaMwFKC
Slickshot	Angel	initial	https://sealeddeck.tech/XaxJxyGA8v
Slickshot	Rob	rebuild	https://sealeddeck.tech/yLi74ovM3X
Slickshot	Jack (Arpanet)	initial	https://sealeddeck.tech/xxChFiZ8F3
Slickshot	Neo (Marc)	rebuild	https://sealeddeck.tech/k1ZbRZ4H7M
Slickshot	Dom	ocr	https://sealeddeck.tech/manual-dom-slickshot
Kishla Skimmer	davidc	initial	https://sealeddeck.tech/z9pq1HdhZ7
Kishla Skimmer	baneless	initial	https://sealeddeck.tech/8MqAaSsvmh
Kishla Skimmer	Mr. Fancypants	initial	https://sealeddeck.tech/3MEDNgcwLM
Kishla Skimmer	Steveb0t	initial	https://sealeddeck.tech/Y3aNf3cix1
Kishla Skimmer	bludac	initial	https://sealeddeck.tech/LQRv6ka178
Kishla Skimmer	Greg	initial	https://sealeddeck.tech/AacwaBYUxq
Kishla Skimmer	LordTupperware	initial	https://sealeddeck.tech/ybEYxQBs2A
Kishla Skimmer	Angel	initial	https://sealeddeck.tech/zSXcGjxxi2
Kishla Skimmer	josh	initial	https://sealeddeck.tech/tzqHdwAneH
Kishla Skimmer	bludac	rebuild	https://sealeddeck.tech/3nB83tX6c3
Kishla Skimmer	tenderdrafter	ocr	https://sealeddeck.tech/manual-tendertouch-kishla
Raven Eagle	Oophies	initial	https://sealeddeck.tech/8jGLvLSGBk
Raven Eagle	kyle	initial	https://sealeddeck.tech/BjGqpoyGLm
Raven Eagle	DILL 🛶	initial	https://sealeddeck.tech/zvRundwJCp
Raven Eagle	Dunkin on Tom.dek	initial	https://sealeddeck.tech/4ieEypsi24
Raven Eagle	yolonoke	initial	https://sealeddeck.tech/QmwVPpDwj4
Raven Eagle	baronvonfonz	initial	https://sealeddeck.tech/Sq1gjhnson
Raven Eagle	RayBees	initial	https://sealeddeck.tech/HnhCPQMhMW
Raven Eagle	Keithifers	initial	https://sealeddeck.tech/4XTXp3DvFJ
Raven Eagle	Jack	initial	https://sealeddeck.tech/iFXbxx7fJr
Raven Eagle	gogey 🤡	initial	https://sealeddeck.tech/EiFdJ2iJMS
Raven Eagle	yolonoke	rebuild	https://sealeddeck.tech/KMUfsySVuT
Hardened Academic	Max	initial	https://sealeddeck.tech/W4VdvfQ1au
Hardened Academic	Lame4Fame	initial	https://sealeddeck.tech/hgFKBXpb9x
Hardened Academic	whalematron	initial	https://sealeddeck.tech/6wNnpBCsLk
Hardened Academic	Rhylax	initial	https://sealeddeck.tech/ymcaaBXfHN
Hardened Academic	murmurtwin	initial	https://sealeddeck.tech/Z3coYqCwkL
Hardened Academic	Tim17	initial	https://sealeddeck.tech/ftxCbTBkuQ
Hardened Academic	Aspi	initial	https://sealeddeck.tech/YY6mcJeQfW
Hardened Academic	samp	initial	https://sealeddeck.tech/Ba6JDr6YeM
Hardened Academic	Neo	initial	https://sealeddeck.tech/2iSDLZ6pYh
Hardened Academic	muggu	initial	https://sealeddeck.tech/NC5zaNSS9V
Baleful Strix	Angel	initial	https://sealeddeck.tech/b8A18D76Ju
Baleful Strix	Ethan	initial	https://sealeddeck.tech/qU9F72FTJi
Baleful Strix	whale	initial	https://sealeddeck.tech/4FBmsMX1zb
Baleful Strix	Clong	initial	https://sealeddeck.tech/aQB83Lbta1
Baleful Strix	Patrick	initial	https://sealeddeck.tech/poDA2dZy7M
Baleful Strix	Melissa	initial	https://sealeddeck.tech/c1pEZmaZ7X
Baleful Strix	Angel	rebuild	https://sealeddeck.tech/tDeG8sj6Js
Baleful Strix	giya	initial	https://sealeddeck.tech/8okihviLWB
Baleful Strix	whale	rebuild	https://sealeddeck.tech/ux4Eno3Jb1
Baleful Strix	aidybaby	ocr	https://sealeddeck.tech/manual-aidybaby-baleful
Baleful Strix	Rob	ocr	https://sealeddeck.tech/manual-rob-baleful
Baleful Strix	Rocketman	ocr	https://sealeddeck.tech/manual-rocketman-baleful
Goose Mother	Greg	initial	https://sealeddeck.tech/UJbw8BU9k5
Goose Mother	Skorish	initial	https://sealeddeck.tech/aj22o9avaR
Goose Mother	Baneless	initial	https://sealeddeck.tech/m6fWL5VLzH
Goose Mother	Raybees	initial	https://sealeddeck.tech/chJgcNHoVD
Goose Mother	Justin	initial	https://sealeddeck.tech/EmNFvUinu3
Goose Mother	Dillon	initial	https://sealeddeck.tech/2e3MkdCMRR
Goose Mother	Steveb0t	initial	https://sealeddeck.tech/og9dEcHhNZ
Goose Mother	jmackie	initial	https://sealeddeck.tech/wKS3WxRoef
Goose Mother	Phil	initial	https://sealeddeck.tech/NJS5H9iWTq
Goose Mother	Jack L	initial	https://sealeddeck.tech/MasKMjArQj
Yorion	Marc	initial	https://sealeddeck.tech/AvqgGE2vD5
Yorion	baronvonfonz	initial	https://sealeddeck.tech/CznV8qMVPV
Yorion	Oophies	initial	https://sealeddeck.tech/3JYeFphUPn
Yorion	nlaframboise	initial	https://sealeddeck.tech/aueuxC9WpP
Yorion	Paul	initial	https://sealeddeck.tech/FTX8g6K5vM
Yorion	DrewpyDrawers	initial	https://sealeddeck.tech/UkynKFtKXB
Yorion	gogey	initial	https://sealeddeck.tech/Y9s1u1hkvv
Yorion	Kyle	initial	https://sealeddeck.tech/N2RKEsqETG
Yorion	ebbitten	initial	https://sealeddeck.tech/PYvh9Xvdpg
Yorion	Richard	initial	https://sealeddeck.tech/PuwQqN6N7Z
Yorion	nlaframboise	rebuild	https://sealeddeck.tech/gXTgUMXLZg
Yorion	Paul	rebuild	https://sealeddeck.tech/t2897KzHFq
Yorion	ebbitten	rebuild	https://sealeddeck.tech/u1NfyJFDcB
Yorion	Kyle	rebuild	https://sealeddeck.tech/H53uHewABJ
Mockingbird	yolonoke	initial	https://sealeddeck.tech/mk1er2rUpJ
Mockingbird	Max	initial	https://sealeddeck.tech/v69amy7pPm
Mockingbird	Bludac	initial	https://sealeddeck.tech/vnk66AM5S2
Mockingbird	dgcritch	initial	https://sealeddeck.tech/ZvuGLimAAM
Mockingbird	jonnietang	initial	https://sealeddeck.tech/RqVbQnRFen
Mockingbird	Sam	initial	https://sealeddeck.tech/k6SGikpn9B
Mockingbird	Aviseras	initial	https://sealeddeck.tech/aLsmcG8vBq
Mockingbird	Bludac	rebuild	https://sealeddeck.tech/5a9H4Vr2NX
Mockingbird	Tender	initial	https://sealeddeck.tech/PP67xw38Bu
Mockingbird	eggsalad	initial	https://sealeddeck.tech/2T3qLsJuDM
Mockingbird	Mr.FancyPants	initial	https://sealeddeck.tech/qSUr851LXk
Mockingbird	jonnietang	rebuild	https://sealeddeck.tech/XyP1YRicVR
Mockingbird	eggsalad	rebuild	https://sealeddeck.tech/QSG1gq8wr6
Aven Interrupter	JiRock	initial	https://sealeddeck.tech/T2yqr4LEmz
Aven Interrupter	baronvonfonz	initial	https://sealeddeck.tech/mjKKEfJ1Tt
Aven Interrupter	rocketman	initial	https://sealeddeck.tech/RnXcgpxnQX
Aven Interrupter	Rhylax	initial	https://sealeddeck.tech/jTjNXoppse
Aven Interrupter	Max	initial	https://sealeddeck.tech/fo3ftBQicQ
Aven Interrupter	Raybees	initial	https://sealeddeck.tech/doc4GFy7Hg
Aven Interrupter	Elfandor	initial	https://sealeddeck.tech/NjmZthSQt2
Aven Interrupter	Aspi	initial	https://sealeddeck.tech/XZbHunJMXG
Aven Interrupter	Lame4Fame	initial	https://sealeddeck.tech/wQyZjgVaWx
Aven Interrupter	JiRock	rebuild	https://sealeddeck.tech/gcvrEqjdyL
Skycoach Conductor	Aspi	initial	https://sealeddeck.tech/cEVcbDEv7F
Skycoach Conductor	Matthias	initial	https://sealeddeck.tech/ER3w86Sy6X
Skycoach Conductor	PolotheAspicot	initial	https://sealeddeck.tech/sPd1G96thd
Skycoach Conductor	Matthias	rebuild	https://sealeddeck.tech/ahHzNEiQ4Y
Skycoach Conductor	Jacklionheart	initial	https://sealeddeck.tech/sjFwbpVbAs
Skycoach Conductor	Max	initial	https://sealeddeck.tech/LKo5o8tcU8
Skycoach Conductor	whalematron	initial	https://sealeddeck.tech/PqubhKMXB3
Skycoach Conductor	Rhylax	initial	https://sealeddeck.tech/9Y8YfXDA7o
Skycoach Conductor	Tang	initial	https://sealeddeck.tech/WTDkwpqzQ9
Skycoach Conductor	JiRock	initial	https://sealeddeck.tech/bxSRCXg8P2
Skycoach Conductor	Xenowan	initial	https://sealeddeck.tech/ahuUTB7EUM
Skycoach Conductor	Max	rebuild	https://sealeddeck.tech/gN9vAxvhD8
Sinkhole Surveyor	Marc	initial	https://sealeddeck.tech/kTGWhx7kvg
Sinkhole Surveyor	Keith	initial	https://sealeddeck.tech/QFo636kzAT
Sinkhole Surveyor	Sherni	initial	https://sealeddeck.tech/LXdvTS3N7r
Sinkhole Surveyor	Patrick	initial	https://sealeddeck.tech/nSwbjR2LZ6
Sinkhole Surveyor	lordtupperware	initial	https://sealeddeck.tech/K7XkgTCN3K
Sinkhole Surveyor	Oophies	initial	https://sealeddeck.tech/mDvUCKBGL9
Sinkhole Surveyor	bludac	initial	https://sealeddeck.tech/HN1J9RPiST
Sinkhole Surveyor	◈  eggsalad  ◈	initial	https://sealeddeck.tech/s1k8H2GyQJ
Sinkhole Surveyor	Raybees	initial	https://sealeddeck.tech/iuXZSo7TfS
Sinkhole Surveyor	ebbitten	initial	https://sealeddeck.tech/2BSDtkQjuK
Sinkhole Surveyor	Patrick	rebuild	https://sealeddeck.tech/ssHZT6u4SL
Eagles of the North	klarmdurnduul	initial	https://sealeddeck.tech/CqEZPUDoAj
Eagles of the North	Tom	initial	https://sealeddeck.tech/FgwET1vKJt
Eagles of the North	Dom	initial	https://sealeddeck.tech/Roa7fBLmx4
Eagles of the North	Jack	initial	https://sealeddeck.tech/XzQgYnKUsS
Eagles of the North	yolonoke	initial	https://sealeddeck.tech/KUBvrFLNnv
Eagles of the North	baronvonfonz	initial	https://sealeddeck.tech/k6Hj3iFhYD
Eagles of the North	davidc	initial	https://sealeddeck.tech/2nNb5VqL6Z
Eagles of the North	Patchy	initial	https://sealeddeck.tech/ky6TQFFBKc
Eagles of the North	Steveb0t	initial	https://sealeddeck.tech/V4ZaoMR1Va
Eagles of the North	murmurtwin	initial	https://sealeddeck.tech/KTHyvvAafX
