name,CMC,Type,Color,Set,Collector Number,Rarity,Color Category,status,Finish,board,maybeboard,image URL,image Back URL,tags,Notes,MTGO ID,Custom,Voucher,Artist
"Choco-Comet",2,"Sorcery",R,"fin","132",uncommon,null,Not Owned,Non-foil,mainboard,false,,,"","",141199,false,false,"Fiona Hsieh"
"Nibelheim Aflame",4,"Sorcery",R,"fin","339",mythic,null,Not Owned,Non-foil,mainboard,false,,,"","",142081,false,false,"Rindo Karasuba"
"Call the Mountain Chocobo",4,"Sorcery",R,"fin","131",common,null,Not Owned,Non-foil,mainboard,false,,,"","",141197,false,false,"Randy Gallegos"
"Sorceress's Schemes",4,"Sorcery",R,"fin","159",uncommon,null,Not Owned,Non-foil,mainboard,false,,,"","",141257,false,false,"Jessica Fong"
"Clear the Mind",3,"Sorcery",U,"plst","RNA-34",common,null,Not Owned,Non-foil,mainboard,false,,,"","",-1,false,false,"David Palumbo"
"Circle of Power",4,"Sorcery",B,"fin","583",uncommon,null,Not Owned,Non-foil,mainboard,false,,,"","",-1,false,false,"Josephine Chang"
"Sephiroth's Intervention",4,"Instant",B,"fin","116",common,null,Not Owned,Non-foil,mainboard,false,,,"","",140917,false,false,"Joshua Raphael"
"Shinra Reinforcements",3,"Creature - Human Soldier",B,"fin","118",common,null,Not Owned,Non-foil,mainboard,false,,,"","",141165,false,false,"Airi Yoshihisa"
"Black Mage's Rod",2,"Artifact - Equipment",B,"fin","90",common,null,Not Owned,Non-foil,mainboard,false,,,"","",141109,false,false,"Nino Is"
"Magitek Armor",4,"Artifact - Vehicle",W,"fin","24",uncommon,null,Not Owned,Non-foil,mainboard,false,,,"","",140969,false,false,"Nathaniel Himawan"
"Seifer Almasy",4,"Legendary Creature - Human Knight",R,"fin","534",rare,null,Not Owned,Non-foil,mainboard,false,,,"","",-1,false,false,"Rika Suzuki"
"Moogles' Valor",5,"Instant",W,"fin","326",rare,null,Not Owned,Non-foil,mainboard,false,,,"","",142053,false,false,"Yoshiya"
"Town Greeter",2,"Creature - Human Citizen",G,"fin","209",common,null,Not Owned,Non-foil,mainboard,false,,,"","",141361,false,false,"Hayaken-Sarena"
"Nature's Rhythm",2,"Sorcery",G,"tdm","150",rare,null,Not Owned,Non-foil,mainboard,false,,,"","",139257,false,false,"Liiga Smilshkalne"
"Balustrade Wurm",5,"Creature - Wurm",G,"dsk","168",rare,null,Not Owned,Non-foil,mainboard,false,,,"","",130467,false,false,"Maxime Minard"
"Overlord of the Balemurk",5,"Enchantment Creature - Avatar Horror",B,"dsk","113",mythic,null,Not Owned,Non-foil,mainboard,false,,,"","",130357,false,false,"Babs Webb"
"Overlord of the Mistmoors",7,"Enchantment Creature - Avatar Horror",W,"dsk","23",mythic,null,Not Owned,Non-foil,mainboard,false,,,"","",130177,false,false,"Steven Belledin"
"Overlord of the Floodpits",5,"Enchantment Creature - Avatar Horror",U,"dsk","68",mythic,null,Not Owned,Non-foil,mainboard,false,,,"","",130267,false,false,"Abz J Harding"
"Valgavoth's Onslaught",1,"Sorcery",G,"dsk","204",rare,null,Not Owned,Non-foil,mainboard,false,,,"","",130539,false,false,"Lie Setiawan"
"Demon Wall",2,"Artifact Creature - Demon Wall",B,"fin","97",uncommon,null,Not Owned,Non-foil,mainboard,false,,,"","",141125,false,false,"Anton Solovianchyk"
"Unholy Annex // Ritual Chamber",8,"Enchantment - Room",B,"dsk","118",rare,null,Not Owned,Non-foil,mainboard,false,,,"","",130367,false,false,"Matteo Bassini"
"The Swarmweaver",4,"Legendary Artifact Creature - Scarecrow",BG,"dsk","236",rare,null,Not Owned,Non-foil,mainboard,false,,,"","",130603,false,false,"Helge C. Balzer"
"Under the Skin",3,"Sorcery",G,"dsk","203",uncommon,null,Not Owned,Non-foil,mainboard,false,,,"","",130537,false,false,"Fernando Falcone"
"Unnerving Grasp",3,"Sorcery",U,"dsk","80",uncommon,null,Not Owned,Non-foil,mainboard,false,,,"","",130291,false,false,"Jeremy Wilson"
"Broodspinner",2,"Creature - Spider",BG,"dsk","211",uncommon,null,Not Owned,Non-foil,mainboard,false,,,"","",130553,false,false,"Igor Krstic"
"Wildfire Wickerfolk",2,"Artifact Creature - Scarecrow",GR,"dsk","239",uncommon,null,Not Owned,Non-foil,mainboard,false,,,"","",130609,false,false,"J.Lonnee"
"Dragoon's Lance",2,"Artifact - Equipment",W,"fin","17",uncommon,null,Not Owned,Non-foil,mainboard,false,,,"","",140955,false,false,"Josephine Chang"
"Cenote Scout",1,"Creature - Merfolk Scout",G,"lci","178",uncommon,null,Not Owned,Non-foil,mainboard,false,,,"⚔️Enemies","",118180,false,false,"Caroline Gariba"
"Merfolk Branchwalker",2,"Creature - Merfolk Scout",G,"j25","688",uncommon,null,Not Owned,Non-foil,mainboard,false,,,"","",-1,false,false,"Kieran Yanner"
"Jadelight Ranger",3,"Creature - Merfolk Scout Ranger",G,"j25","676",rare,null,Not Owned,Non-foil,mainboard,false,,,"","",-1,false,false,"Jason Rainville"
"Jadelight Spelunker",1,"Creature - Merfolk Scout",G,"lci","196",rare,null,Not Owned,Non-foil,mainboard,false,,,"","",118222,false,false,"Izzy"
"Exdeath, Void Warlock",3,"Legendary Creature - Spirit Warlock",BG,"fin","220",uncommon,null,Not Owned,Non-foil,mainboard,false,,,"","",141391,false,false,"Jessica Fong"
"Jenova, Ancient Calamity",4,"Legendary Creature - Alien",BG,"fin","346",rare,null,Not Owned,Non-foil,mainboard,false,,,"","",142095,false,false,"Karo ARAI"
"Kefka's Tower",6,"Legendary Artifact",B,"fca","7",rare,null,Not Owned,Non-foil,mainboard,false,,,"","",139877,false,false,"Yoshitaka Amano"
"Abundant Harvest",1,"Sorcery",G,"cmm","269",common,null,Owned,Non-foil,mainboard,false,,,"","",114765,false,false,"Iris Compiet"
"Lightning Bolt",1,"Instant",R,"sld","2289",rare,null,Owned,Non-foil,mainboard,false,,,"","",-1,false,false,"Nathaniel Himawan"
"Gnarlwood Dryad",1,"Creature - Dryad Horror",G,"dsc","180",uncommon,null,Owned,Non-foil,mainboard,false,,,"","",130985,false,false,"Raymond Swanland"
"Kefka, Court Mage",5,"Legendary Creature - Human Wizard",BRU,"fin","322",mythic,null,Not Owned,Non-foil,mainboard,false,,,"","",141613,false,false,"Yoshitaka Amano"
"Tarmogoyf",2,"Creature - Lhurgoyf",G,"plst","FUT-153",rare,null,Owned,Non-foil,mainboard,false,,,"","",-1,false,false,"Justin Murray"
"Hooting Mandrills",6,"Creature - Ape",G,"j22","671",common,null,Owned,Non-foil,mainboard,false,,,"","",-1,false,false,"Mike Bierek"
"Timeless Witness",4,"Creature - Human Shaman",G,"tdc","274",uncommon,null,Owned,Non-foil,mainboard,false,,,"","",138485,false,false,"Deruchenko Alexander"
"Brightblade Stoat",2,"Creature - Weasel Soldier",W,"blb","4",uncommon,null,Not Owned,Non-foil,mainboard,false,,,"⚔️Enemies","",129253,false,false,"Lius Lasahido"
"Combat Tutorial",3,"Sorcery",U,"fin","48",common,null,Not Owned,Non-foil,mainboard,false,,,"","",141021,false,false,"Fang Xinyu"
"Battle Menu",2,"Instant",W,"fin","9",uncommon,null,Not Owned,Non-foil,mainboard,false,,,"","",140935,false,false,"Mingchen Shen"
"Ephara's Dispersal",3,"Instant",U,"mkc","103",common,null,Not Owned,Non-foil,mainboard,false,,,"","",122346,false,false,"Awanqi (Angela Wang)"
"Fell",2,"Sorcery",B,"blb","95",uncommon,null,Not Owned,Non-foil,mainboard,false,,,"","",129435,false,false,"A. M. Sartor"
"Vampire Nighthawk",3,"Creature - Vampire Shaman",B,"j25","503",uncommon,null,Not Owned,Non-foil,mainboard,false,,,"","",-1,false,false,"Jason Chan"
"Piggy Bank",2,"Artifact Creature - Boar Toy",R,"dsk","148",uncommon,null,Not Owned,Non-foil,mainboard,false,,,"","",130427,false,false,"Steve Ellis"
"Time Warp",5,"Sorcery",U,"tmp","97",rare,null,Not Owned,Non-foil,mainboard,false,,,"","",9895,false,false,"Pete Venters"
"Growth Spiral",2,"Instant",GU,"rna","178",common,null,Not Owned,Non-foil,mainboard,false,,,"","",71356,false,false,"Seb McKinnon"
"Deathsprout",4,"Instant",BG,"plst","WAR-189",uncommon,null,Not Owned,Non-foil,mainboard,false,,,"","",-1,false,false,"Seb McKinnon"
"Patchwork Beastie",1,"Artifact Creature - Beast",G,"dsk","195",uncommon,null,Not Owned,Non-foil,mainboard,false,,,"","",130521,false,false,"John Tedrick"
"Molt Tender",1,"Creature - Insect Druid",G,"dft","171",uncommon,null,Not Owned,Non-foil,mainboard,false,,,"","",136465,false,false,"Filip Burburan"
"Rubblebelt Maverick",1,"Creature - Human Detective",G,"mkm","174",common,null,Not Owned,Non-foil,mainboard,false,,,"","",121824,false,false,"Carissa Susilo"
"Omnivorous Flytrap",3,"Creature - Plant",G,"dsk","192",rare,null,Not Owned,Non-foil,mainboard,false,,,"","",130515,false,false,"Antonio José Manzanedo"
"Esper Origins",2,"Sorcery",G,"fin","370",rare,null,Not Owned,Non-foil,mainboard,false,,,"","",141743,false,false,"Tokima"
"Dredger's Insight",2,"Enchantment",G,"dft","159",uncommon,null,Not Owned,Non-foil,mainboard,false,,,"","",136441,false,false,"Bartek Fedyczak"
"Vessel of Nascency",1,"Enchantment",G,"a25","193",common,null,Not Owned,Non-foil,mainboard,false,,,"","",67300,false,false,"Kieran Yanner"
"Pulse of Murasa",3,"Instant",G,"c21","202",uncommon,null,Not Owned,Non-foil,mainboard,false,,,"","",89505,false,false,"Matt Stewart"
"Thunder Magic",1,"Instant",R,"fin","165",common,null,Not Owned,Non-foil,mainboard,false,,,"","",141269,false,false,"Josephine Chang"
"Fire Magic",1,"Instant",R,"fin","136",uncommon,null,Not Owned,Non-foil,mainboard,false,,,"","",141209,false,false,"Toni Infante"
"Sephiroth, Fabled SOLDIER",3,"Legendary Creature - Human Avatar Soldier",B,"fin","527",mythic,null,Not Owned,Non-foil,mainboard,false,,,"","",-1,false,false,"Maji"
"Shantotto, Tactician Magician",3,"Legendary Creature - Dwarf Wizard",RU,"fin","507",uncommon,null,Not Owned,Non-foil,mainboard,false,,,"","",142021,false,false,"Joshua Raphael"
"The Emperor of Palamecia",2,"Legendary Creature - Human Noble Wizard",RU,"fin","484",uncommon,null,Not Owned,Non-foil,mainboard,false,,,"","",141961,false,false,"Heonhwa"
"Tellah, Great Sage",5,"Legendary Creature - Human Wizard",RU,"fin","510",rare,null,Not Owned,Non-foil,mainboard,false,,,"","",142027,false,false,"Yumi Yaoshida"
"Pia and Kiran Nalaar",4,"Legendary Creature - Human Artificer",R,"drc","105",rare,null,Not Owned,Non-foil,mainboard,false,,,"","",137387,false,false,"Eric Deschamps"
"Breya's Apprentice",3,"Artifact Creature - Human Artificer",R,"mh2","117",rare,null,Not Owned,Non-foil,mainboard,false,,,"","",90607,false,false,"Aleksi Briclot"
"Thopter Engineer",3,"Creature - Human Artificer",R,"plst","ORI-165",uncommon,null,Not Owned,Non-foil,mainboard,false,,,"","",-1,false,false,"Steve Prescott"
"Thopter Mechanic",2,"Creature - Human Artificer",U,"j25","372",uncommon,null,Not Owned,Non-foil,mainboard,false,,,"","",-1,false,false,"Joshua Raphael"
"Whirler Rogue",4,"Creature - Human Rogue Artificer",U,"drc","85",uncommon,null,Not Owned,Non-foil,mainboard,false,,,"","",137343,false,false,"Winona Nelson"
"Samurai's Katana",3,"Artifact - Equipment",R,"fin","154",uncommon,null,Not Owned,Non-foil,mainboard,false,,,"","",141245,false,false,"Smirtouille"
"Professional Face-Breaker",3,"Creature - Human Warrior",R,"j22","581",rare,null,Not Owned,Non-foil,mainboard,false,,,"","",-1,false,false,"Dan Murayama Scott"
"Dragon Sniper",1,"Creature - Human Archer",G,"tdm","139",uncommon,null,Not Owned,Non-foil,mainboard,false,,,"","",139235,false,false,"David Auden Nash"
"Organ Hoarder",4,"Creature - Zombie",U,"mid","66",common,null,Owned,Non-foil,mainboard,false,,,"","",93074,false,false,"Nicholas Gregory"
"Quick Study",3,"Instant",U,"woe","65",common,null,Owned,Non-foil,mainboard,false,,,"","",116436,false,false,"Iris Compiet"
"Pia Nalaar",3,"Legendary Creature - Human Artificer",R,"kld","124",rare,null,Owned,Non-foil,mainboard,false,,,"","",61719,false,false,"Tyler Jacobson"
"Charging Monstrosaur",5,"Creature - Dinosaur",R,"xln","138",uncommon,null,Owned,Non-foil,mainboard,false,,,"","",65292,false,false,"Zack Stella"
"Hordeling Outburst",3,"Sorcery",R,"ktk","111",uncommon,null,Owned,Non-foil,mainboard,false,,,"","",54362,false,false,"Zoltan Boros"
"Llanowar Elves",1,"Creature - Elf Druid",G,"lea","210",common,null,Owned,Non-foil,mainboard,false,,,"","",-1,false,false,"Anson Maddocks"
"Jewel Thief",3,"Creature - Cat Rogue",G,"snc","151",common,null,Owned,Non-foil,mainboard,false,,,"","",98521,false,false,"Joe Slucher"
"Gala Greeters",2,"Creature - Elf Druid",G,"snc","148",rare,null,Owned,Non-foil,mainboard,false,,,"","",98515,false,false,"Bud Cook"
"Llanowar Visionary",3,"Creature - Elf Druid",G,"m21","193",common,null,Owned,Non-foil,mainboard,false,,,"","",81613,false,false,"Cristi Balanescu"
"Giant Growth",1,"Instant",G,"lea","197",common,null,Owned,Non-foil,mainboard,false,,,"","",-1,false,false,"Sandra Everingham"
"Balmor, Battlemage Captain",2,"Legendary Creature - Bird Wizard",RU,"dmu","336",uncommon,null,Owned,Non-foil,mainboard,false,,,"","",-1,false,false,"Nino Vecia"
"Essence Scatter",2,"Instant",U,"dmu","49",common,null,Not Owned,Non-foil,mainboard,false,,,"","",102574,false,false,"Anastasia Ovchinnikova"
"Negate",2,"Instant",U,"mom","68",common,null,Not Owned,Non-foil,mainboard,false,,,"","",109960,false,false,"Viko Menezes"
"Jodah, the Unifier",5,"Legendary Creature - Human Wizard",BGRUW,"dmu","343",mythic,null,Not Owned,Non-foil,mainboard,false,,,"","",-1,false,false,"Barbara Rosiak"
"Baird, Argivian Recruiter",2,"Legendary Creature - Human Soldier",RW,"dmu","294",uncommon,null,Not Owned,Non-foil,mainboard,false,,,"","",-1,false,false,"Barbara Rosiak"
"Elas il-Kor, Sadistic Pilgrim",2,"Legendary Creature - Phyrexian Kor Cleric",BW,"plst","DMU-198",uncommon,null,Not Owned,Non-foil,mainboard,false,,,"","",-1,false,false,"G-host Lee"
"Ertai Resurrected",4,"Legendary Creature - Phyrexian Human Wizard",BU,"dmu","199",rare,null,Not Owned,Non-foil,mainboard,false,,,"","",102874,false,false,"Ryan Pancoast"
"Ivy, Gleeful Spellthief",2,"Legendary Creature - Faerie Rogue",GU,"dmu","300",rare,null,Not Owned,Non-foil,mainboard,false,,,"","",-1,false,false,"Eshpur"
"Raff, Weatherlight Stalwart",2,"Legendary Creature - Human Wizard",UW,"dmu","212",uncommon,null,Not Owned,Non-foil,mainboard,false,,,"","",102900,false,false,"Eelis Kyttanen"
"Micromancer",4,"Creature - Human Wizard",U,"dmu","57",uncommon,null,Not Owned,Non-foil,mainboard,false,,,"","",102590,false,false,"Ernanda Souza"
"Sheoldred, the Apocalypse",4,"Legendary Creature - Phyrexian Praetor",B,"dmu","107",mythic,null,Not Owned,Non-foil,mainboard,false,,,"","",102690,false,false,"Chris Rahn"
"Sol'Kanar the Tainted",5,"Legendary Creature - Elemental Demon",BRU,"dmu","318",mythic,null,Not Owned,Non-foil,mainboard,false,,,"","",-1,false,false,"Lisa Heidhoff"
"Squee, Dubious Monarch",3,"Legendary Creature - Goblin Noble",R,"dmu","146",rare,null,Not Owned,Non-foil,mainboard,false,,,"","",102768,false,false,"Zoltan Boros"
"Tatyova, Steward of Tides",3,"Legendary Creature - Merfolk Druid",GU,"dmu","321",uncommon,null,Not Owned,Non-foil,mainboard,false,,,"","",-1,false,false,"Lisa Heidhoff"
"Archangel of Wrath",4,"Creature - Angel",W,"dmu","3",rare,White,Not Owned,Non-foil,mainboard,false,,,"⚔️Enemies","",102482,false,false,"Miguel Mercado"
"Knight of Dawn's Light",2,"Creature - Human Knight",W,"dmu","23",uncommon,null,Not Owned,Non-foil,mainboard,false,,,"⚔️Enemies","",102522,false,false,"Billy Christian"
"Phyrexian Missionary",2,"Creature - Phyrexian Human Cleric",W,"plst","DMU-27",uncommon,null,Not Owned,Non-foil,mainboard,false,,,"","",-1,false,false,"Mila Pesic"
"Take Up the Shield",2,"Instant",W,"j25","270",common,null,Not Owned,Non-foil,mainboard,false,,,"","",-1,false,false,"Manuel Castañón"
"Haughty Djinn",3,"Creature - Djinn",U,"tdc","154",rare,null,Not Owned,Non-foil,mainboard,false,,,"⚔️Enemies","",138245,false,false,"Mike Jordana"
"Protect the Negotiators",2,"Instant",U,"plst","DMU-62",uncommon,null,Not Owned,Non-foil,mainboard,false,,,"","",-1,false,false,"Dominik Mayer"
"Rona's Vortex",1,"Instant",U,"dmu","63",uncommon,null,Not Owned,Non-foil,mainboard,false,,,"","",102602,false,false,"Dominik Mayer"
"Sphinx of Forgotten Lore",4,"Creature - Sphinx",U,"fdn","51",mythic,null,Not Owned,Non-foil,mainboard,false,,,"","",133670,false,false,"Dmitry Burmak"
"Murmuring Mystic",4,"Creature - Human Wizard",U,"grn","45",uncommon,null,Not Owned,Non-foil,mainboard,false,,,"","",69463,false,false,"Mark Winters"
"Faebloom Trick",3,"Instant",U,"fdn","38",uncommon,null,Not Owned,Non-foil,mainboard,false,,,"","",133644,false,false,"Annie Stegg"
"Tolarian Geyser",3,"Sorcery",U,"dmu","71",common,null,Not Owned,Non-foil,mainboard,false,,,"","",102618,false,false,"Olivier Bernard"
"Repulse",3,"Instant",U,"woc","107",common,null,Not Owned,Non-foil,mainboard,false,,,"","",117132,false,false,"Aaron Boyd"
"Dismiss",4,"Instant",U,"j22","286",uncommon,null,Not Owned,Non-foil,mainboard,false,,,"","",-1,false,false,"Donato Giancola"
"Refute",3,"Instant",U,"fdn","48",common,null,Not Owned,Non-foil,mainboard,false,,,"","",133664,false,false,"Ignatius Budi"
"Exclude",3,"Instant",U,"inv","56",common,null,Not Owned,Non-foil,mainboard,false,,,"","",14459,false,false,"Mark Romanoski"
"Ice Magic",2,"Instant",U,"fin","56",common,null,Not Owned,Non-foil,mainboard,false,,,"","",141037,false,false,"Masateru Ikeda"
"The Cruelty of Gix",5,"Enchantment - Saga",B,"dmu","87",rare,null,Not Owned,Non-foil,mainboard,false,,,"","",102650,false,false,"Volkan Baǵa"
"Knight of Dusk's Shadow",2,"Creature - Human Knight",B,"dmu","96",uncommon,null,Not Owned,Non-foil,mainboard,false,,,"","",102668,false,false,"Wisnu Tan"
"Phyrexian Rager",3,"Creature - Phyrexian Horror",B,"apc","49",common,null,Not Owned,Non-foil,mainboard,false,,,"","",16328,false,false,"Mark Tedin"
"Tribute to Urborg",2,"Instant",B,"dmu","113",common,null,Not Owned,Non-foil,mainboard,false,,,"","",102702,false,false,"Jodie Muir"
"Urborg Repossession",1,"Sorcery",B,"dmu","114",common,null,Not Owned,Non-foil,mainboard,false,,,"","",102704,false,false,"Cristi Balanescu"
"Fight with Fire",3,"Sorcery",R,"dom","119",uncommon,null,Not Owned,Non-foil,mainboard,false,,,"","",67703,false,false,"Yongjae Choi"
"Fires of Victory",2,"Instant",R,"dmu","123",uncommon,null,Not Owned,Non-foil,mainboard,false,,,"","",102722,false,false,"Sidharth Chaturvedi"
"Hurloon Battle Hymn",3,"Instant",R,"dmu","131",uncommon,null,Not Owned,Non-foil,mainboard,false,,,"","",102738,false,false,"Dominik Mayer"
"Sprouting Goblin",2,"Creature - Goblin Druid",R,"dmu","145",uncommon,null,Not Owned,Non-foil,mainboard,false,,,"","",102766,false,false,"Uriah Voth"
"Llanowar Greenwidow",3,"Creature - Spider",G,"dmu","169",rare,null,Not Owned,Non-foil,mainboard,false,,,"","",102814,false,false,"Jokubas Uogintas"
"Tear Asunder",2,"Instant",G,"dmu","183",uncommon,null,Not Owned,Non-foil,mainboard,false,,,"","",102842,false,false,"Dave Kendall"
"Urborg Lhurgoyf",2,"Creature - Lhurgoyf",G,"dmu","186",rare,null,Not Owned,Non-foil,mainboard,false,,,"","",102848,false,false,"Andrey Kuzinskiy"
"The Weatherseed Treaty",3,"Enchantment - Saga",G,"dmu","188",uncommon,null,Not Owned,Non-foil,mainboard,false,,,"","",102852,false,false,"Livia Prima"
"Enduring Innocence",3,"Enchantment Creature - Sheep Glimmer",W,"dsk","6",rare,null,Not Owned,Non-foil,mainboard,false,,,"🤝Allies","",130143,false,false,"Liiga Smilshkalne"
"Sunpearl Kirin",2,"Creature - Kirin",W,"tdm","29",uncommon,null,Owned,Non-foil,mainboard,false,,,"⚔️Enemies","",139003,false,false,"Allen Morris"
"History of Benalia",3,"Enchantment - Saga",W,"dom","21",mythic,null,Owned,Non-foil,mainboard,false,,,"","",67507,false,false,"Noah Bradley"
"Archon of Sun's Grace",4,"Creature - Archon",W,"thb","3",rare,null,Owned,Non-foil,mainboard,false,,,"🤝Allies","",79130,false,false,"Matt Stewart"
"Sun Titan",6,"Creature - Giant",W,"fic","254",mythic,null,Owned,Non-foil,mainboard,false,,,"","",140245,false,false,"Joshua Raphael"
"Michiko's Reign of Truth",2,"Enchantment - Saga",W,"neo","29",uncommon,null,Owned,Non-foil,mainboard,false,,,"","",96968,false,false,"Volkan Baǵa"
"All That Glitters",2,"Enchantment - Aura",W,"eld","2",uncommon,null,Owned,Non-foil,mainboard,false,,,"","",78090,false,false,"Iain McCaig"
"The Restoration of Eiganjo",3,"Enchantment - Saga",W,"pneo","34s",rare,null,Owned,Non-foil,mainboard,false,,,"","",-1,false,false,"Titus Lunter"
"Fallaji Archaeologist",2,"Creature - Human Scout",U,"bro","48",common,null,Owned,Non-foil,mainboard,false,,,"🤝Allies","",104714,false,false,"Caroline Gariba"
"Gogo, Master of Mimicry",3,"Legendary Creature - Wizard",U,"fin","54",mythic,null,Owned,Non-foil,mainboard,false,,,"","",141033,false,false,"Thea Dumitriu"
"Behold the Unspeakable",5,"Enchantment - Saga",U,"neo","48",uncommon,null,Owned,Non-foil,mainboard,false,,,"","",97010,false,false,"Ravenna Tran"
"Summon: Leviathan",6,"Enchantment Creature - Saga Leviathan",U,"fin","361",rare,null,Owned,Non-foil,mainboard,false,,,"","",141723,false,false,"Kota Nakatsubo"
"Summon: Shiva",5,"Enchantment Creature - Saga Elemental",U,"fin","362",uncommon,null,Owned,Non-foil,mainboard,false,,,"","",141725,false,false,"Taku Haruno"
"The Modern Age",2,"Enchantment - Saga",U,"neo","66",common,null,Owned,Non-foil,mainboard,false,,,"","",97050,false,false,"Anastasia Ovchinnikova"
"The Bath Song",4,"Enchantment - Saga",U,"ltr","491",uncommon,null,Owned,Non-foil,mainboard,false,,,"","",119372,false,false,"JB Casacop"
"Okiba Reckoner Raid",1,"Enchantment - Saga",B,"neo","117",common,null,Owned,Non-foil,mainboard,false,,,"","",97158,false,false,"Victor Adame Minguez"
"Vengeful Rebel",3,"Creature - Aetherborn Warrior",B,"aer","73",uncommon,null,Owned,Non-foil,mainboard,false,,,"","",62685,false,false,"Tomasz Jedruszek"
"Life of Toshiro Umezawa",2,"Enchantment - Saga",B,"neo","108",uncommon,null,Owned,Non-foil,mainboard,false,,,"","",97136,false,false,"Sidharth Chaturvedi"
"Elspeth's Nightmare",3,"Enchantment - Saga",B,"thb","91",uncommon,null,Owned,Non-foil,mainboard,false,,,"","",79306,false,false,"Jason Rainville"
"Bomat Courier",1,"Artifact Creature - Construct",R,"kld","199",rare,null,Owned,Non-foil,mainboard,false,,,"","",62075,false,false,"Craig J Spearing"
"Summon: Brynhildr",2,"Enchantment Creature - Saga Knight",R,"fin","366",rare,null,Owned,Non-foil,mainboard,false,,,"","",141735,false,false,"Tomohito"
"Fear of Surveillance",2,"Enchantment Creature - Nightmare",W,"dsk","11",common,null,Owned,Non-foil,mainboard,false,,,"🤝Allies","",130153,false,false,"Jana Heidersdorf"
"Shardmage's Rescue",1,"Enchantment - Aura",W,"dsk","29",uncommon,null,Owned,Non-foil,mainboard,false,,,"","",130189,false,false,"Jarel Threat"
"Sheltered by Ghosts",2,"Enchantment - Aura",W,"dsk","30",uncommon,null,Owned,Non-foil,mainboard,false,,,"","",130191,false,false,"Mirko Failoni"
"Spyglass Siren",1,"Creature - Siren Pirate",U,"lci","78",uncommon,null,Owned,Non-foil,mainboard,false,,,"⚔️Enemies","",117956,false,false,"David Astruga"
"Abhorrent Oculus",3,"Creature - Eye",U,"dsk","42",mythic,null,Owned,Non-foil,mainboard,false,,,"","",130215,false,false,"Bryan Sola"
"Enduring Curiosity",4,"Enchantment Creature - Cat Glimmer",U,"dsk","51",rare,null,Owned,Non-foil,mainboard,false,,,"","",130233,false,false,"Julie Dillon"
"Stay Hidden, Stay Silent",2,"Enchantment - Aura",U,"dsk","74",uncommon,null,Owned,Non-foil,mainboard,false,,,"","",130279,false,false,"Josu Hernaiz"
"Unable to Scream",1,"Enchantment - Aura",U,"dsk","78",common,null,Owned,Non-foil,mainboard,false,,,"","",130287,false,false,"Fariba Khamseh"
"Blade of the Oni",2,"Artifact Creature - Equipment Demon",B,"neo","89",mythic,null,Owned,Non-foil,mainboard,false,,,"","",97098,false,false,"Jason A. Engle"
"Clockwork Percussionist",1,"Artifact Creature - Monkey Toy",R,"dsk","130",common,null,Owned,Non-foil,mainboard,false,,,"","",130391,false,false,"Eric Wilkerson"
"Fear of Missing Out",2,"Enchantment Creature - Nightmare",R,"dsk","136",rare,null,Owned,Non-foil,mainboard,false,,,"","",130403,false,false,"John Stanko"
"Turn Inside Out",1,"Instant",R,"dsk","160",common,null,Owned,Non-foil,mainboard,false,,,"","",130451,false,false,"Loïc Canavaggia"
"Roaring Furnace // Steaming Sauna",7,"Enchantment - Room",RU,"dsk","343",rare,null,Owned,Non-foil,mainboard,false,,,"","",130039,false,false,"Toni Infante"
"Beastie Beatdown",2,"Sorcery",GR,"dsk","210",uncommon,null,Owned,Non-foil,mainboard,false,,,"","",130551,false,false,"Inkognit"
"Gilgamesh, Master-at-Arms",6,"Legendary Creature - Human Samurai",R,"fin","139",rare,null,Not Owned,Non-foil,mainboard,false,,,"","",141215,false,false,"Lorenzo Mastroianni"
"Blazing Bomb",1,"Creature - Elemental",R,"fin","130",common,null,Not Owned,Non-foil,mainboard,false,,,"","",141195,false,false,"Andrea Radeck"
"Sidequest: Hunt the Mark",5,"Enchantment",B,"fin","119",uncommon,null,Not Owned,Non-foil,mainboard,false,,,"","",141167,false,false,"Nino Is & Joshua Raphael"
"The Darkness Crystal",4,"Legendary Artifact",B,"fin","96",rare,null,Not Owned,Non-foil,mainboard,false,,,"","",141123,false,false,"Pablo Mendoza"
"Song of Totentanz",1,"Sorcery",R,"woe","150",rare,null,Not Owned,Non-foil,mainboard,false,,,"","",116628,false,false,"Randy Gallegos"
"Kappa Tech-Wrecker",2,"Creature - Turtle Ninja",G,"neo","198",uncommon,null,Not Owned,Non-foil,mainboard,false,,,"","",97338,false,false,"Jehan Choo"
"Spring-Leaf Avenger",5,"Creature - Insect Ninja",G,"neo","208",rare,null,Not Owned,Non-foil,mainboard,false,,,"","",97358,false,false,"Wisnu Tan"
"Dreams of Steel and Oil",1,"Sorcery",B,"bro","92",uncommon,null,Not Owned,Non-foil,mainboard,false,,,"","",104802,false,false,"Jeremy Wilson"
"Ravenous Chupacabra",4,"Creature - Beast Horror",B,"a25","104",uncommon,null,Not Owned,Non-foil,mainboard,false,,,"","",67122,false,false,"Daarken"
"Biting-Palm Ninja",3,"Creature - Human Ninja",B,"neo","338",rare,null,Not Owned,Non-foil,mainboard,false,,,"","",-1,false,false,"Piyo"
"Halana and Alena, Partners",4,"Legendary Creature - Human Ranger",GR,"vow","325",rare,null,Not Owned,Non-foil,mainboard,false,,,"","",94222,false,false,"Joao Ruas"
"Counterspell",2,"Instant",U,"lea","54",uncommon,null,Owned,Non-foil,mainboard,false,,,"","",-1,false,false,"Mark Poole"
"Spirited Companion",2,"Enchantment Creature - Dog",W,"j25","256",common,null,Owned,Non-foil,mainboard,false,,,"🤝Allies","",-1,false,false,"Ilse Gort"
"Timeless Dragon",5,"Creature - Dragon",W,"drc","67",rare,null,Owned,Non-foil,mainboard,false,,,"","",137307,false,false,"Anastasia Ovchinnikova"
"Squall, SeeD Mercenary",4,"Legendary Creature - Human Knight Mercenary",BW,"fin","243",rare,null,Not Owned,Non-foil,mainboard,false,,,"","",141449,false,false,"Yuu Fujiki"
"Stiltzkin, Moogle Merchant",1,"Legendary Creature - Moogle",W,"fin","433",rare,null,Owned,Non-foil,mainboard,false,,,"🤝Allies","",141837,false,false,"Hendry Iwanaga"
"Aerith Gainsborough",3,"Legendary Creature - Human Cleric",W,"fin","4",rare,null,Owned,Non-foil,mainboard,false,,,"⚔️Enemies","",140925,false,false,"Nakamura8"
"Delivery Moogle",4,"Creature - Moogle",W,"fin","15",uncommon,null,Owned,Non-foil,mainboard,false,,,"🤝Allies","",140949,false,false,"Joseph Weston"
"Summon: Primal Garuda",4,"Enchantment Creature - Saga Harpy",W,"fin","360",uncommon,null,Owned,Non-foil,mainboard,false,,,"🤝Allies","",141721,false,false,"Tokima"
"Dion, Bahamut's Dominant",4,"Legendary Creature - Human Noble Knight",W,"fin","16",rare,null,Owned,Non-foil,mainboard,false,,,"⚔️Enemies","",140951,false,false,"Kevin Glint"
"White Mage's Staff",2,"Artifact - Equipment",W,"fin","42",common,null,Not Owned,Non-foil,mainboard,false,,,"","",141009,false,false,"Kim Dingwall"
"The Wind Crystal",4,"Legendary Artifact",W,"fin","43",rare,null,Not Owned,Non-foil,mainboard,false,,,"","",141011,false,false,"Pablo Mendoza"
"Machinist's Arsenal",5,"Artifact - Equipment",W,"fin","23",rare,null,Not Owned,Non-foil,mainboard,false,,,"","",140967,false,false,"Thanh Tuấn"
"Il Mheg Pixie",2,"Creature - Faerie",U,"fin","57",uncommon,null,Not Owned,Non-foil,mainboard,false,,,"","",141039,false,false,"Ramza Psyru"
"Dragoon's Wyvern",3,"Creature - Drake",U,"fin","49",common,null,Not Owned,Non-foil,mainboard,false,,,"","",141023,false,false,"Jason Kiantoro"
"Celestial Armor",3,"Artifact - Equipment",W,"fdn","5",rare,null,Not Owned,Non-foil,mainboard,false,,,"","",133578,false,false,"Olena Richards"
"Faerie Dreamthief",1,"Creature - Faerie Warlock",B,"woe","377",uncommon,null,Not Owned,Non-foil,mainboard,false,,,"","",116076,false,false,"Randy Vargas"
"Forsworn Paladin",1,"Creature - Human Knight",B,"afr","104",rare,null,Not Owned,Non-foil,mainboard,false,,,"","",91710,false,false,"Lorenzo Mastroianni"
"Knight of the Ebon Legion",1,"Creature - Vampire Knight",B,"m20","105",rare,null,Not Owned,Non-foil,mainboard,false,,,"","",73109,false,false,"Alex Konstad"
"Seeker of the Way",2,"Creature - Human Warrior",W,"ktk","22",uncommon,null,Not Owned,Non-foil,mainboard,false,,,"⚔️Enemies","",54270,false,false,"Craig J Spearing"
"Portable Hole",1,"Artifact",W,"plst","AFR-33",uncommon,null,Owned,Non-foil,mainboard,false,,,"","",-1,false,false,"John Stanko"
"Maul of the Skyclaves",3,"Artifact - Equipment",W,"j25","223",rare,null,Owned,Non-foil,mainboard,false,,,"","",-1,false,false,"Joseph Meehan"
"Haliya, Guided by Light",3,"Legendary Creature - Human Soldier",W,"eoe","289",rare,null,Not Owned,Non-foil,mainboard,false,,,"⚔️Enemies","",143171,false,false,"Eleonor Piteira"
"Lunarch Veteran",1,"Creature - Human Cleric",W,"mid","27",common,null,Not Owned,Non-foil,mainboard,false,,,"⚔️Enemies","",92980,false,false,"Igor Kieryluk"
"Healer's Hawk",1,"Creature - Bird",W,"fdn","142",common,null,Not Owned,Non-foil,mainboard,false,,,"⚔️Enemies","",133310,false,false,"Milivoj Ćeran"
"Battlefield Raptor",1,"Creature - Bird",W,"khm","3",common,null,Not Owned,Non-foil,mainboard,false,,,"🤝Allies","",87325,false,false,"Mike Bierek"
"Inspiring Overseer",3,"Creature - Angel Cleric",W,"fdn","496",common,null,Not Owned,Non-foil,mainboard,false,,,"⚔️Enemies","",134764,false,false,"Irina Nordsol"
"Exemplar of Light",4,"Creature - Angel",W,"fdn","11",rare,null,Not Owned,Non-foil,mainboard,false,,,"⚔️Enemies","",133590,false,false,"Ekaterina Burmak"
"Archangel of Thune",5,"Creature - Angel",W,"ima","8",mythic,null,Not Owned,Non-foil,mainboard,false,,,"","",65895,false,false,"James Ryman"
"Elspeth's Smite",1,"Instant",W,"fdn","493",uncommon,null,Not Owned,Non-foil,mainboard,false,,,"","",134758,false,false,"Livia Prima"
"Barbed Spike",2,"Artifact - Equipment",W,"j21","50",uncommon,null,Not Owned,Non-foil,mainboard,false,,,"","",-1,false,false,"James Paick"
"Shark Typhoon",6,"Enchantment",U,"dsc","127",rare,null,Owned,Non-foil,mainboard,false,,,"","",130877,false,false,"Caio Monteiro"
"Inscription of Abundance",2,"Instant",G,"dsc","186",rare,null,Owned,Non-foil,mainboard,false,,,"","",130997,false,false,"Zoltan Boros"
"Spectral Sailor",1,"Creature - Spirit Pirate",U,"j25","363",uncommon,null,Owned,Non-foil,mainboard,false,,,"⚔️Enemies","",-1,false,false,"Cristi Balanescu"
"Skyserpent Seeker",2,"Creature - Snake",GU,"dft","224",uncommon,null,Owned,Non-foil,mainboard,false,,,"","",136571,false,false,"Johan Grenier"
"Biomechan Engineer",2,"Creature - Insect Artificer",GU,"eoe","213",uncommon,null,Owned,Non-foil,mainboard,false,,,"","",143039,false,false,"Monztre"
"Bladehold War-Whip",3,"Artifact - Equipment",RW,"one","197",uncommon,null,Owned,Non-foil,mainboard,false,,,"","",106609,false,false,"Tony Foti"
"Stormcatch Mentor",2,"Creature - Otter Wizard",RU,"blb","234",uncommon,null,Owned,Non-foil,mainboard,false,,,"","",129713,false,false,"Manuel Castañón"
"Ruthless Lawbringer",3,"Creature - Vampire Assassin",BW,"otj","229",uncommon,null,Owned,Non-foil,mainboard,false,,,"","",124369,false,false,"Joshua Raphael"
"Rinoa Heartilly",5,"Legendary Creature - Human Rebel Warlock",GW,"fin","237",uncommon,null,Owned,Non-foil,mainboard,false,,,"","",141435,false,false,"Francesca Resta"
"Gladiolus Amicitia",6,"Legendary Creature - Human Warrior",GR,"fin","224",uncommon,null,Owned,Non-foil,mainboard,false,,,"","",141403,false,false,"Gal Or"
"Munitions Expert",2,"Creature - Goblin",BR,"mh1","209",uncommon,null,Owned,Non-foil,mainboard,false,,,"","",72790,false,false,"Jesper Ejsing"
"Elite Guardmage",4,"Creature - Human Wizard",UW,"war","195",uncommon,null,Owned,Non-foil,mainboard,false,,,"","",71996,false,false,"PINDURSKI"
"Reflector Mage",3,"Creature - Human Wizard",UW,"ogw","157",uncommon,null,Owned,Non-foil,mainboard,false,,,"","",59587,false,false,"Willian Murai"
"Lion Heart",4,"Artifact - Equipment",,"fin","261",uncommon,null,Owned,Non-foil,mainboard,false,,,"","",141489,false,false,"Mushk Rizvi"
"Meteor Sword",7,"Artifact - Equipment",,"tla","258",uncommon,null,Owned,Non-foil,mainboard,false,,,"","",145008,false,false,"Matteo Bassini"
"Bonesplitter",1,"Artifact - Equipment",,"mma","202",common,null,Owned,Non-foil,mainboard,false,,,"","",48912,false,false,"Darrell Riche"
"Power Word Kill",2,"Instant",B,"afr","114",uncommon,null,Owned,Non-foil,mainboard,false,,,"","",91730,false,false,"Izzy"
"The Crystal's Chosen",7,"Sorcery",W,"fin","14",uncommon,null,Owned,Non-foil,mainboard,false,,,"","",140947,false,false,"Kotetsu Kinoshita"
"White Auracite",4,"Artifact",W,"fin","41",common,null,Owned,Non-foil,mainboard,false,,,"","",141007,false,false,"Magali Villeneuve"
"Sahagin",2,"Creature - Merfolk Warrior",U,"fin","71",common,null,Owned,Non-foil,mainboard,false,,,"","",141069,false,false,"Nino Is"
"Dreams of Laguna",2,"Instant",U,"fin","50",common,null,Owned,Non-foil,mainboard,false,,,"","",141025,false,false,"Solan"
"Eject",4,"Instant",U,"fin","52",uncommon,null,Owned,Non-foil,mainboard,false,,,"","",141029,false,false,"Ramza Psyru"
"Travel the Overworld",7,"Sorcery",U,"fin","82",uncommon,null,Owned,Non-foil,mainboard,false,,,"","",141093,false,false,"Ben Wootten"
"Astrologian's Planisphere",2,"Artifact - Equipment",U,"fin","46",rare,null,Owned,Non-foil,mainboard,false,,,"","",141017,false,false,"Josephine Chang"
"The Lunar Whale",4,"Legendary Artifact - Vehicle",U,"fin","60",rare,null,Owned,Non-foil,mainboard,false,,,"","",141047,false,false,"Fiona Hsieh"
"Sleep Magic",1,"Enchantment - Aura",U,"fin","74",uncommon,null,Owned,Non-foil,mainboard,false,,,"","",141077,false,false,"Le Vuong"
"Sidequest: Card Collection",4,"Enchantment",U,"fin","73",uncommon,null,Owned,Non-foil,mainboard,false,,,"","",141073,false,false,"Erikas Perl & Jurijus Chitrovas"
"Reno and Rude",2,"Legendary Creature - Human Assassin",B,"fin","450",uncommon,null,Owned,Non-foil,mainboard,false,,,"","",141877,false,false,"Maji"
"Cecil, Dark Knight",1,"Legendary Creature - Human Knight",BW,"fin","445",rare,null,Owned,Non-foil,mainboard,false,,,"","",141865,false,false,"Josu Hernaiz"
"Tonberry",1,"Creature - Salamander Horror",B,"fin","122",uncommon,null,Owned,Non-foil,mainboard,false,,,"","",141175,false,false,"Leonardo Santanna"
"Vincent Valentine",4,"Legendary Creature - Assassin",B,"fin","454",rare,null,Owned,Non-foil,mainboard,false,,,"","",141891,false,false,"Norikatsu Miyoshi"
"Jecht, Reluctant Guardian",4,"Legendary Creature - Human Warrior",B,"fin","448",rare,null,Owned,Non-foil,mainboard,false,,,"","",141871,false,false,"Michael MacRae"
"Malboro",6,"Creature - Plant Horror",B,"fin","106",common,null,Owned,Non-foil,mainboard,false,,,"","",141143,false,false,"Dan Watson"
"Ardyn, the Usurper",8,"Legendary Creature - Elder Human Noble",B,"fin","444",rare,null,Owned,Non-foil,mainboard,false,,,"","",141863,false,false,"Russell Dongjun Lu"
"Golbez, Clad In Darkness",5,"Legendary Creature - Human Knight",B,"fca","10",uncommon,null,Owned,Non-foil,mainboard,false,,,"","",139883,false,false,"Yoshitaka Amano"
"Vayne's Treachery",2,"Instant",B,"fin","124",common,null,Owned,Non-foil,mainboard,false,,,"","",141179,false,false,"Touge369"
"Fight On!",3,"Instant",B,"fin","100",common,null,Owned,Non-foil,mainboard,false,,,"","",141129,false,false,"Hokuyuu"
"Cornered by Black Mages",3,"Sorcery",B,"fin","93",common,null,Owned,Non-foil,mainboard,false,,,"","",141117,false,false,"Smirtouille"
"Ninja's Blades",3,"Artifact - Equipment",B,"fin","108",rare,null,Owned,Non-foil,mainboard,false,,,"","",141147,false,false,"Immanuela Crovius"
"Dark Knight's Greatsword",3,"Artifact - Equipment",B,"fin","95",uncommon,null,Owned,Non-foil,mainboard,false,,,"","",141121,false,false,"Narendra Bintara Adi"
"Midgar, City of Mako",0,"Land - Town",B,"fin","286",rare,null,Owned,Non-foil,mainboard,false,,,"","",141547,false,false,"Anthony Devine"
"Prompto Argentum",2,"Legendary Creature - Human Scout",R,"fin","463",uncommon,null,Owned,Non-foil,mainboard,false,,,"","",141913,false,false,"Billy Christian"
"Firion, Wild Rose Warrior",3,"Legendary Creature - Human Rebel Warrior",R,"fin","459",rare,null,Owned,Non-foil,mainboard,false,,,"","",141905,false,false,"Elizabeth Peiró"
"Zell Dincht",3,"Legendary Creature - Human Monk",R,"fin","468",rare,null,Owned,Non-foil,mainboard,false,,,"","",141923,false,false,"Kevin Sidharta"
"Suplex",2,"Sorcery",R,"fin","164",common,null,Owned,Non-foil,mainboard,false,,,"","",141267,false,false,"Fang Xinyu"
"Lindblum, Industrial Regency",0,"Land - Town",R,"fin","285",rare,null,Owned,Non-foil,mainboard,false,,,"","",141543,false,false,"Piotr Dura"
"Sazh's Chocobo",1,"Creature - Bird",G,"fin","200",uncommon,null,Owned,Non-foil,mainboard,false,,,"","",141341,false,false,"Domenico Cava"
"Torgal, A Fine Hound",2,"Legendary Creature - Wolf",G,"fin","474",uncommon,null,Owned,Non-foil,mainboard,false,,,"","",141935,false,false,"Narendra Bintara Adi"
"Sazh Katzroy",4,"Legendary Creature - Human Pilot",G,"fin","472",rare,null,Owned,Non-foil,mainboard,false,,,"","",141931,false,false,"Colin Boyer"
"Summon: Fat Chocobo",5,"Enchantment Creature - Saga Bird",G,"fin","202",common,null,Owned,Non-foil,mainboard,false,,,"","",141347,false,false,"Joseph Weston"
"Bartz and Boko",5,"Legendary Creature - Human Bird",G,"fin","469",rare,null,Owned,Non-foil,mainboard,false,,,"","",141925,false,false,"Ryuichi Sakuma"
"Summon: Titan",5,"Enchantment Creature - Saga Giant",G,"fin","204",rare,null,Owned,Non-foil,mainboard,false,,,"","",141351,false,false,"Andreia Ugrai"
"Balamb T-Rexaur",6,"Creature - Dinosaur",G,"fin","173",common,null,Owned,Non-foil,mainboard,false,,,"","",141285,false,false,"Fang Xinyu"
"Prishe's Wanderings",3,"Instant",G,"fin","193",common,null,Owned,Non-foil,mainboard,false,,,"","",141327,false,false,"Daniel Correia"
"Clash of the Eikons",1,"Sorcery",G,"fin","180",uncommon,null,Owned,Non-foil,mainboard,false,,,"","",141299,false,false,"Gal Or"
"Chocobo Kick",2,"Sorcery",G,"fin","178",common,null,Owned,Non-foil,mainboard,false,,,"","",141295,false,false,"Ben Wootten"
"Sidequest: Raise a Chocobo",2,"Enchantment",G,"fin","201",uncommon,null,Owned,Non-foil,mainboard,false,,,"","",141343,false,false,"Miho Midorikawa & Sansyu"
"Zanarkand, Ancient Metropolis",0,"Land - Town",G,"fin","293",rare,null,Owned,Non-foil,mainboard,false,,,"","",141563,false,false,"Erikas Perl"
"PuPu UFO",2,"Artifact Creature - Construct Alien",,"fin","266",uncommon,null,Owned,Non-foil,mainboard,false,,,"","",141499,false,false,"Racrufi"
"Balamb Garden, SeeD Academy",0,"Land - Town",,"fin","272",rare,null,Not Owned,Non-foil,mainboard,false,,,"","",141511,false,false,"Jonas De Ro"
"Baron, Airship Kingdom",0,"Land - Town",,"fin","273",common,null,Not Owned,Non-foil,mainboard,false,,,"","",141515,false,false,"Rockey Chen"
"Baron, Airship Kingdom",0,"Land - Town",,"fin","273",common,null,Not Owned,Non-foil,mainboard,false,,,"","",141515,false,false,"Rockey Chen"
"Baron, Airship Kingdom",0,"Land - Town",,"fin","273",common,null,Not Owned,Non-foil,mainboard,false,,,"","",141515,false,false,"Rockey Chen"
"Gohn, Town of Ruin",0,"Land - Town",,"fin","278",common,null,Not Owned,Non-foil,mainboard,false,,,"","",141525,false,false,"Salvatorre Zee Yazzie"
"Gohn, Town of Ruin",0,"Land - Town",,"fin","278",common,null,Not Owned,Non-foil,mainboard,false,,,"","",141525,false,false,"Salvatorre Zee Yazzie"
"Gohn, Town of Ruin",0,"Land - Town",,"fin","278",common,null,Not Owned,Non-foil,mainboard,false,,,"","",141525,false,false,"Salvatorre Zee Yazzie"
"Gongaga, Reactor Town",0,"Land - Town",,"fin","280",common,null,Not Owned,Non-foil,mainboard,false,,,"","",141529,false,false,"Le Vuong"
"Gongaga, Reactor Town",0,"Land - Town",,"fin","280",common,null,Not Owned,Non-foil,mainboard,false,,,"","",141529,false,false,"Le Vuong"
"Gongaga, Reactor Town",0,"Land - Town",,"fin","280",common,null,Not Owned,Non-foil,mainboard,false,,,"","",141529,false,false,"Le Vuong"
"Guadosalam, Farplane Gateway",0,"Land - Town",,"fin","281",common,null,Not Owned,Non-foil,mainboard,false,,,"","",141531,false,false,"Vaigintas Pakenis"
"Guadosalam, Farplane Gateway",0,"Land - Town",,"fin","281",common,null,Not Owned,Non-foil,mainboard,false,,,"","",141531,false,false,"Vaigintas Pakenis"
"Guadosalam, Farplane Gateway",0,"Land - Town",,"fin","281",common,null,Not Owned,Non-foil,mainboard,false,,,"","",141531,false,false,"Vaigintas Pakenis"
"Insomnia, Crown City",0,"Land - Town",,"fin","282",common,null,Not Owned,Non-foil,mainboard,false,,,"","",141533,false,false,"Jonas De Ro"
"Insomnia, Crown City",0,"Land - Town",,"fin","282",common,null,Not Owned,Non-foil,mainboard,false,,,"","",141533,false,false,"Jonas De Ro"
"Insomnia, Crown City",0,"Land - Town",,"fin","282",common,null,Not Owned,Non-foil,mainboard,false,,,"","",141533,false,false,"Jonas De Ro"
"Rabanastre, Royal City",0,"Land - Town",,"fin","287",common,null,Not Owned,Non-foil,mainboard,false,,,"","",141551,false,false,"Shahab Alizadeh"
"Rabanastre, Royal City",0,"Land - Town",,"fin","287",common,null,Not Owned,Non-foil,mainboard,false,,,"","",141551,false,false,"Shahab Alizadeh"
"Rabanastre, Royal City",0,"Land - Town",,"fin","287",common,null,Not Owned,Non-foil,mainboard,false,,,"","",141551,false,false,"Shahab Alizadeh"
"Sharlayan, Nation of Scholars",0,"Land - Town",,"fin","288",common,null,Not Owned,Non-foil,mainboard,false,,,"","",141553,false,false,"David Frasheski"
"Sharlayan, Nation of Scholars",0,"Land - Town",,"fin","288",common,null,Not Owned,Non-foil,mainboard,false,,,"","",141553,false,false,"David Frasheski"
"Sharlayan, Nation of Scholars",0,"Land - Town",,"fin","288",common,null,Not Owned,Non-foil,mainboard,false,,,"","",141553,false,false,"David Frasheski"
"Treno, Dark City",0,"Land - Town",,"fin","290",common,null,Not Owned,Non-foil,mainboard,false,,,"","",141557,false,false,"Jonas De Ro"
"Treno, Dark City",0,"Land - Town",,"fin","290",common,null,Not Owned,Non-foil,mainboard,false,,,"","",141557,false,false,"Jonas De Ro"
"Treno, Dark City",0,"Land - Town",,"fin","290",common,null,Not Owned,Non-foil,mainboard,false,,,"","",141557,false,false,"Jonas De Ro"
"Vector, Imperial Capital",0,"Land - Town",,"fin","291",common,null,Not Owned,Non-foil,mainboard,false,,,"","",141559,false,false,"Lordigan"
"Vector, Imperial Capital",0,"Land - Town",,"fin","291",common,null,Not Owned,Non-foil,mainboard,false,,,"","",141559,false,false,"Lordigan"
"Vector, Imperial Capital",0,"Land - Town",,"fin","291",common,null,Not Owned,Non-foil,mainboard,false,,,"","",141559,false,false,"Lordigan"
"Windurst, Federation Center",0,"Land - Town",,"fin","292",common,null,Not Owned,Non-foil,mainboard,false,,,"","",141561,false,false,"Constantin Marin"
"Windurst, Federation Center",0,"Land - Town",,"fin","292",common,null,Not Owned,Non-foil,mainboard,false,,,"","",141561,false,false,"Constantin Marin"
"Windurst, Federation Center",0,"Land - Town",,"fin","292",common,null,Not Owned,Non-foil,mainboard,false,,,"","",141561,false,false,"Constantin Marin"
"Warrior's Sword",4,"Artifact - Equipment",R,"fin","169",common,null,Not Owned,Non-foil,mainboard,false,,,"","",141277,false,false,"Andrea Tentori Montalto"
"Burst Lightning",1,"Instant",R,"fdn","192",common,null,Not Owned,Non-foil,mainboard,false,,,"","",133410,false,false,"Vance Kovacs"
"Chainsaw",2,"Artifact - Equipment",R,"dsk","128",rare,null,Not Owned,Non-foil,mainboard,false,,,"","",130387,false,false,"J.P. Targete"
"Lizard Blades",2,"Artifact Creature - Equipment Lizard",R,"neo","153",rare,null,Owned,Non-foil,mainboard,false,,,"","",97238,false,false,"Jason Kang"
"Hexgold Halberd",2,"Artifact - Equipment",R,"one","136",uncommon,null,Owned,Non-foil,mainboard,false,,,"","",106487,false,false,"Heonhwa"
"Cori-Steel Cutter",2,"Artifact - Equipment",R,"tdm","103",rare,null,Owned,Non-foil,mainboard,false,,,"","",139159,false,false,"Xabi Gaztelua"
"Beamtown Beatstick",1,"Artifact - Equipment",R,"mom","131",common,null,Owned,Non-foil,mainboard,false,,,"","",110110,false,false,"Konstantin Porubov"
"Fire Nation Attacks",5,"Instant",R,"tla","133",uncommon,null,Owned,Non-foil,mainboard,false,,,"","",144748,false,false,"Claudiu-Antoniu Magherusan"
"Fiery Confluence",4,"Sorcery",R,"lcc","226",rare,null,Owned,Non-foil,mainboard,false,,,"","",118852,false,false,"Kieran Yanner"
"Volcanic Torrent",5,"Sorcery",R,"cmr","208",uncommon,null,Owned,Non-foil,mainboard,false,,,"","",85198,false,false,"Grzegorz Rutkowski"
"Dragonwing Glider",5,"Artifact - Equipment",R,"one","128",rare,null,Owned,Non-foil,mainboard,false,,,"","",106471,false,false,"Andreas Zafiratos"
"Pyromancer's Goggles",5,"Legendary Artifact",R,"sld","1066",mythic,null,Owned,Non-foil,mainboard,false,,,"","",-1,false,false,"Ilse Gort"
"The Akroan War",4,"Enchantment - Saga",R,"clb","777",rare,null,Owned,Non-foil,mainboard,false,,,"","",-1,false,false,"Steven Belledin"
"The Cave of Two Lovers",4,"Enchantment - Saga",R,"tla","126",uncommon,null,Owned,Non-foil,mainboard,false,,,"","",144734,false,false,"Ittoku"
"Galewind Moose",6,"Creature - Elemental Elk",G,"blb","173",uncommon,null,Not Owned,Non-foil,mainboard,false,,,"","",129591,false,false,"Valera Lutfullina"
"Aftermath Analyst",2,"Creature - Elf Detective",G,"eoc","91",uncommon,null,Not Owned,Non-foil,mainboard,false,,,"","",142319,false,false,"Danny Schwartz"
"Lluwen, Imperfect Naturalist",2,"Legendary Creature - Elf Druid",BG,"ecl","232",rare,null,Not Owned,Non-foil,mainboard,false,,,"","",146857,false,false,"Evyn Fong"
"Kiora Bests the Sea God",7,"Enchantment - Saga",U,"thb","52",mythic,null,Not Owned,Non-foil,mainboard,false,,,"","",79228,false,false,"Victor Adame Minguez"
"Terra, Magical Adept",3,"Legendary Creature - Human Wizard Warrior",GR,"fin","511",mythic,null,Not Owned,Non-foil,mainboard,false,,,"","",142029,false,false,"Clare Wong"
"Yuna, Hope of Spira",5,"Legendary Creature - Human Cleric",GW,"fin","571",mythic,null,Not Owned,Non-foil,mainboard,false,,,"","",-1,false,false,"Yuichi Murakami"
"Evolved Sleeper",1,"Creature - Human",B,"dmu","93",rare,null,Not Owned,Non-foil,mainboard,false,,,"","",102662,false,false,"Jason A. Engle"
"Back for More",6,"Instant",BG,"iko","177",uncommon,null,Not Owned,Non-foil,mainboard,false,,,"","",80363,false,false,"Daarken"
"Grave Titan",6,"Creature - Giant",B,"ecc","74",mythic,null,Not Owned,Non-foil,mainboard,false,,,"","",146083,false,false,"Nils Hamm"
"Primeval Titan",6,"Creature - Giant",G,"sld","494",mythic,null,Not Owned,Non-foil,mainboard,false,,,"","",-1,false,false,"Chris Rahn"
"Overkill",3,"Instant",B,"fin","109",uncommon,null,Not Owned,Non-foil,mainboard,false,,,"","",141149,false,false,"Bachzim"
"Fight On!",3,"Instant",B,"fin","100",common,null,Not Owned,Non-foil,mainboard,false,,,"","",141129,false,false,"Hokuyuu"
"Mine Collapse",4,"Instant",R,"mh2","135",common,null,Not Owned,Non-foil,mainboard,false,,,"","",90647,false,false,"Bud Cook"
"Summon: G.F. Cerberus",4,"Enchantment Creature - Saga Dog",R,"fin","368",rare,null,Not Owned,Non-foil,mainboard,false,,,"","",141739,false,false,"Yoshiya"
"Summon: Esper Ramuh",4,"Enchantment Creature - Saga Wizard",R,"fin","367",uncommon,null,Not Owned,Non-foil,mainboard,false,,,"","",141737,false,false,"Hagiya Kaoru"
"Nurturing Pixie",1,"Creature - Faerie Rogue",W,"otj","20",uncommon,null,Not Owned,Non-foil,mainboard,false,,,"🤝Allies","",123951,false,false,"Iris Compiet"
"Summon: Primal Odin",6,"Enchantment Creature - Saga Knight",B,"fin","365",rare,null,Not Owned,Non-foil,mainboard,false,,,"","",141733,false,false,"Tomohito"
"Summon: Knights of Round",8,"Enchantment Creature - Saga Knight",W,"fin","359",mythic,null,Not Owned,Non-foil,mainboard,false,,,"","",141719,false,false,"Hisashi Momose"
"Agatha's Soul Cauldron",2,"Legendary Artifact",,"woe","242",mythic,null,Not Owned,Non-foil,mainboard,false,,,"","",116872,false,false,"Jason A. Engle"
"Loot, the Pathfinder",5,"Legendary Creature - Beast Noble",GRU,"dft","212",mythic,null,Not Owned,Non-foil,mainboard,false,,,"","",136547,false,false,"Ernanda Souza"
"Draconautics Engineer",2,"Creature - Goblin Artificer",R,"dft","121",rare,null,Not Owned,Non-foil,mainboard,false,,,"","",136365,false,false,"Artur Nakhodkin"
"Yawgmoth, Thran Physician",4,"Legendary Creature - Human Cleric",B,"dmr","110",mythic,null,Not Owned,Non-foil,mainboard,false,,,"","",107709,false,false,"Mark Winters"
"Voldaren Thrillseeker",3,"Creature - Vampire Warrior",R,"mom","171",rare,null,Not Owned,Non-foil,mainboard,false,,,"","",110210,false,false,"Viko Menezes"
"Search for Azcanta",2,"Legendary Enchantment",U,"sld","1502",rare,null,Not Owned,Non-foil,mainboard,false,,,"","",-1,false,false,"Jonas De Ro"
"Snarling Gorehound",1,"Creature - Dog",B,"mkm","105",common,null,Not Owned,Non-foil,mainboard,false,,,"","",121688,false,false,"John Tedrick"
"Frost Titan",6,"Creature - Giant",U,"plst","M11-55",mythic,null,Not Owned,Non-foil,mainboard,false,,,"","",-1,false,false,"Mike Bierek"
"Flame of Anor",3,"Instant",RU,"ltr","203",rare,null,Not Owned,Non-foil,mainboard,false,,,"","",112316,false,false,"Yigit Koroglu"
"Dark Confidant",2,"Creature - Human Wizard",B,"j25","114",mythic,null,Not Owned,Non-foil,mainboard,false,,,"","",-1,false,false,"Victor Adame Minguez"
"Emet-Selch, Unsundered",3,"Legendary Creature - Elder Wizard",BU,"fin","539",mythic,null,Not Owned,Non-foil,mainboard,false,,,"","",-1,false,false,"Rorubei"
"Kuja, Genome Sorcerer",4,"Legendary Creature - Human Mutant Wizard",BR,"fin","544†",rare,null,Not Owned,Non-foil,mainboard,false,,,"","",-1,false,false,"Masateru Ikeda & Robert Cornelius"
"Jill, Shiva's Dominant",3,"Legendary Creature - Human Noble Warrior",U,"fin","523",rare,null,Not Owned,Non-foil,mainboard,false,,,"","",-1,false,false,"Rika Suzuki"
"Joshua, Phoenix's Dominant",3,"Legendary Creature - Human Noble Wizard",RW,"fin","542",rare,null,Not Owned,Non-foil,mainboard,false,,,"","",-1,false,false,"Susumu Kuroi"
"Ajani's Pridemate",2,"Creature - Cat Soldier",W,"j25","158",uncommon,null,Not Owned,Non-foil,mainboard,false,,,"⚔️Enemies","",-1,false,false,"Svetlin Velinov"
"Quistis Trepe",3,"Legendary Creature - Human Wizard",U,"fin","440",uncommon,null,Not Owned,Non-foil,mainboard,false,,,"","",141855,false,false,"Touge369"
"Snapcaster Mage",2,"Creature - Human Wizard",U,"plst","ISD-78",rare,null,Not Owned,Non-foil,mainboard,false,,,"","",-1,false,false,"Volkan Baǵa"
"Thundertrap Trainer",2,"Creature - Otter Wizard",U,"blb","78",rare,null,Not Owned,Non-foil,mainboard,false,,,"","",129401,false,false,"Matt Stewart"
"Enduring Vitality",3,"Enchantment Creature - Elk Glimmer",G,"dsk","176",rare,null,Not Owned,Non-foil,mainboard,false,,,"","",130483,false,false,"Valera Lutfullina"
"Enduring Courage",4,"Enchantment Creature - Dog Glimmer",R,"dsk","133",rare,null,Not Owned,Non-foil,mainboard,false,,,"","",130397,false,false,"Yigit Koroglu"
"Enduring Tenacity",4,"Enchantment Creature - Snake Glimmer",B,"dsk","95",rare,null,Not Owned,Non-foil,mainboard,false,,,"","",130321,false,false,"Isis"
"Overlord of the Boilerbilges",6,"Enchantment Creature - Avatar Horror",R,"dsk","146",mythic,null,Not Owned,Non-foil,mainboard,false,,,"","",130423,false,false,"Helge C. Balzer"
"Magic Damper",1,"Instant",U,"fin","61",common,null,Not Owned,Non-foil,mainboard,false,,,"","",141049,false,false,"YASUNARI HIRASAKA"
"Syncopate",1,"Instant",U,"inr","89",common,null,Not Owned,Non-foil,mainboard,false,,,"","",135562,false,false,"Marta Nael"
"Temporal Manipulation",5,"Sorcery",U,"mb2","174",mythic,null,Not Owned,Non-foil,mainboard,false,,,"","",134272,false,false,"Franz Vohwinkel"
"Sandman, Shifting Scoundrel",3,"Legendary Creature - Sand Elemental Villain",G,"spm","112",rare,null,Not Owned,Non-foil,mainboard,false,,,"","",153467,false,false,"Bartek Fedyczak"
"Batterskull",5,"Artifact - Equipment",,"plst","NPH-130",mythic,null,Not Owned,Non-foil,mainboard,false,,,"","",-1,false,false,"Mark Zug"
"Dissection Tools",5,"Artifact - Equipment",,"dsk","245",rare,null,Not Owned,Non-foil,mainboard,false,,,"","",130621,false,false,"Diana Franco"
"Opera Love Song",2,"Instant",R,"fin","147",uncommon,null,Owned,Non-foil,mainboard,false,,,"","",141231,false,false,"Grace Zhu"
"Dragon's Rage Channeler",1,"Creature - Human Shaman",R,"sld","2048",rare,null,Owned,Non-foil,mainboard,false,,,"","",-1,false,false,"Molly Mendoza"
"Nightpack Ambusher",4,"Creature - Wolf",G,"j22","696",rare,null,Owned,Non-foil,mainboard,false,,,"","",-1,false,false,"Dan Murayama Scott"
"Wilderness Reclamation",4,"Enchantment",G,"dsc","205",uncommon,null,Not Owned,Non-foil,mainboard,false,,,"","",131035,false,false,"Tyler Walpole"
"Biogenic Ooze",5,"Creature - Ooze",G,"rna","122",mythic,null,Not Owned,Non-foil,mainboard,false,,,"","",71244,false,false,"Lake Hurwitz"
"Repulsive Mutation",2,"Instant",GU,"mkm","227",uncommon,null,Not Owned,Non-foil,mainboard,false,,,"","",121928,false,false,"Filip Burburan"
"Summon: G.F. Ifrit",3,"Enchantment Creature - Saga Demon",R,"fin","369",common,null,Not Owned,Non-foil,mainboard,false,,,"","",141741,false,false,"Ono Tako"
"Summon: Fenrir",3,"Enchantment Creature - Saga Wolf",G,"fin","372",uncommon,null,Not Owned,Non-foil,mainboard,false,,,"","",141749,false,false,"Maiko Aoji"
"Breya, Etherium Shaper",4,"Legendary Artifact Creature - Human",BRUW,"mh3","289",mythic,null,Not Owned,Non-foil,mainboard,false,,,"","",125989,false,false,"Tiffany Turrill"
"Fable of the Mirror-Breaker",3,"Enchantment - Saga",R,"neo","141",rare,null,Not Owned,Non-foil,mainboard,false,,,"","",97210,false,false,"Joseph Meehan"
"Summon: Bahamut",9,"Enchantment Creature - Saga Dragon",,"fin","356",mythic,null,Not Owned,Non-foil,mainboard,false,,,"","",141711,false,false,"Kota Nakatsubo"
"Minwu, White Mage",5,"Legendary Creature - Human Cleric",W,"fin","430",rare,null,Not Owned,Non-foil,mainboard,false,,,"","",141831,false,false,"Josu Hernaiz"
"Restoration Magic",1,"Instant",W,"fin","30",uncommon,null,Not Owned,Non-foil,mainboard,false,,,"","",140981,false,false,"Yumi Yaoshida"
"Edgar, King of Figaro",6,"Legendary Creature - Human Artificer Noble",U,"fin","436",rare,null,Not Owned,Non-foil,mainboard,false,,,"","",141845,false,false,"Jake Murray"
"Intrude on the Mind",5,"Instant",U,"mkm","61",mythic,null,Not Owned,Non-foil,mainboard,false,,,"","",121608,false,false,"Magali Villeneuve"
"Relm's Sketching",4,"Sorcery",U,"fin","67",uncommon,null,Not Owned,Non-foil,mainboard,false,,,"","",141061,false,false,"Smirtouille"
"Swallowed by Leviathan",3,"Instant",U,"fin","79",uncommon,null,Not Owned,Non-foil,mainboard,false,,,"","",141087,false,false,"Sansyu"
"Ultros, Obnoxious Octopus",2,"Legendary Creature - Octopus",U,"fin","442",uncommon,null,Not Owned,Non-foil,mainboard,false,,,"","",141859,false,false,"Domenico Cava"
"Fang, Fearless l'Cie",3,"Legendary Creature - Human Warrior",B,"fin","526",uncommon,null,Not Owned,Non-foil,mainboard,false,,,"","",-1,false,false,"ikeda_cpt"
"Phantom Train",4,"Artifact - Vehicle",B,"fin","110",uncommon,null,Not Owned,Non-foil,mainboard,false,,,"","",141151,false,false,"Gal Or"
"Resentful Revelation",2,"Sorcery",B,"fin","114",common,null,Not Owned,Non-foil,mainboard,false,,,"","",140915,false,false,"Justyna Dura"
"Mouser Foundry",2,"Artifact",R,"tmt","96",common,null,Not Owned,Non-foil,mainboard,false,,,"","",147815,false,false,"Jakob Eirich"
"Ravenous Robots",2,"Artifact Creature - Robot",R,"tmt","106",rare,null,Not Owned,Non-foil,mainboard,false,,,"","",147835,false,false,"Kevin Sidharta"
"The Last Ronin",6,"Enchantment - Saga",BG,"tmt","154",mythic,null,Not Owned,Non-foil,mainboard,false,,,"","",147931,false,false,"Hokyoung Kim"
"Aang's Iceberg",3,"Enchantment",W,"tla","5",rare,null,Not Owned,Non-foil,mainboard,false,,,"","",144486,false,false,"Matteo Bassini"
"Calix, Guided by Fate",3,"Legendary Enchantment Creature - Human Druid",GW,"mat","26",mythic,null,Not Owned,Non-foil,mainboard,false,,,"","",109174,false,false,"PINDURSKI"
"Gryff's Boon",1,"Enchantment - Aura",W,"inr","25",uncommon,null,Not Owned,Non-foil,mainboard,false,,,"","",135410,false,false,"Svetlin Velinov"
"Equilibrium Adept",4,"Creature - Dog Monk",R,"tdm","106",uncommon,null,Owned,Non-foil,mainboard,false,,,"","",139165,false,false,"Leroy Steinmann"
"Oltec Matterweaver",3,"Creature - Human Artificer",W,"big","33",mythic,null,Not Owned,Non-foil,mainboard,false,,,"🤝Allies","",125233,false,false,"Inkognit"
"Warren Warleader",4,"Creature - Rabbit Knight",W,"blb","300",mythic,null,Not Owned,Non-foil,mainboard,false,,,"","",129013,false,false,"Iain McCaig"
"Ghostly Dancers",5,"Creature - Spirit",W,"dsk","13",rare,null,Not Owned,Non-foil,mainboard,false,,,"","",130157,false,false,"Josh Newton"
"Rally the Monastery",4,"Instant",W,"tdm","19",uncommon,null,Not Owned,Non-foil,mainboard,false,,,"","",138981,false,false,"David Astruga"
"Split Up",3,"Sorcery",W,"dsk","32",rare,null,Not Owned,Non-foil,mainboard,false,,,"","",130195,false,false,"Dominik Mayer"
"Collector's Cage",2,"Artifact",W,"big","31",mythic,null,Not Owned,Non-foil,mainboard,false,,,"","",125229,false,false,"Ben Hill"
"Caretaker's Talent",3,"Enchantment - Class",W,"blb","6",rare,null,Not Owned,Non-foil,mainboard,false,,,"","",129257,false,false,"Lindsey Look"
"Surge Engine",2,"Artifact Creature - Construct",U,"bro","320",mythic,null,Not Owned,Non-foil,mainboard,false,,,"","",-1,false,false,"Daarken"
"Malevolent Hermit",2,"Creature - Human Wizard",U,"mid","61",rare,null,Not Owned,Non-foil,mainboard,false,,,"","",93060,false,false,"Daarken"
"Lier, Disciple of the Drowned",5,"Legendary Creature - Human Wizard",U,"tdc","157",mythic,null,Not Owned,Non-foil,mainboard,false,,,"","",138251,false,false,"Ekaterina Burmak"
"Consult the Star Charts",2,"Instant",U,"eoe","325",rare,null,Not Owned,Non-foil,mainboard,false,,,"","",143279,false,false,"Antonio José Manzanedo"
"Cryptic Command",4,"Instant",U,"ima","48",rare,null,Not Owned,Non-foil,mainboard,false,,,"","",65975,false,false,"Jason Rainville"
"Commit // Memory",10,"Instant",U,"akh","211",rare,null,Not Owned,Non-foil,mainboard,false,,,"","",64032,false,false,"Ryan Alexander Lee"
"Extraordinary Journey",2,"Enchantment",U,"woe","331",rare,null,Not Owned,Non-foil,mainboard,false,,,"","",116140,false,false,"Volkan Baǵa"
"The Legend of Kuruk",4,"Enchantment - Saga",U,"tla","355",mythic,null,Not Owned,Non-foil,mainboard,false,,,"","",145120,false,false,"Barbara Rosiak"
"Crabomination",6,"Creature - Crab Demon",B,"mh3","452",rare,null,Not Owned,Non-foil,mainboard,false,,,"","",125683,false,false,"Nicholas Gregory"
"Ethereal Armor",1,"Enchantment - Aura",W,"dsk","7",uncommon,null,Not Owned,Non-foil,mainboard,false,,,"","",130145,false,false,"Tyler Walpole"
"Optimistic Scavenger",1,"Creature - Human Scout",W,"dsk","288",uncommon,null,Not Owned,Non-foil,mainboard,false,,,"🤝Allies","",129943,false,false,"Brian Valeza"
"Sun Titan",6,"Creature - Giant",W,"soc","178",mythic,null,Not Owned,Non-foil,mainboard,false,,,"","",148825,false,false,"Todd Lockwood"
"Leonin Lightscribe",2,"Creature - Cat Cleric",W,"stx","20",rare,null,Not Owned,Non-foil,mainboard,false,,,"⚔️Enemies","",88517,false,false,"Steven Belledin"
"Informed Inkwright",2,"Creature - Human Wizard",W,"sos","20",rare,null,Not Owned,Non-foil,mainboard,false,,,"⚔️Enemies","",149539,false,false,"Nia Kovalevski"
"Stirring Hopesinger",3,"Creature - Bird Bard",W,"sos","35",rare,null,Not Owned,Non-foil,mainboard,false,,,"⚔️Enemies","",149569,false,false,"Cristi Balanescu"
"Antiquities on the Loose",3,"Sorcery",W,"sos","7",rare,null,Not Owned,Non-foil,mainboard,false,,,"","",149513,false,false,"Andreas Zafiratos"
"Practiced Offense",3,"Sorcery",W,"sos","25",rare,null,Not Owned,Non-foil,mainboard,false,,,"","",149549,false,false,"Raluca Marinescu"
"Seam Rip",1,"Enchantment",W,"eoe","34",uncommon,null,Not Owned,Non-foil,mainboard,false,,,"","",142681,false,false,"Sam Guay"
"Ethereal Armor",1,"Enchantment - Aura",W,"dsk","7",uncommon,null,Not Owned,Non-foil,mainboard,false,,,"","",130145,false,false,"Tyler Walpole"
"Touch the Spirit Realm",3,"Enchantment",W,"neo","40",uncommon,null,Not Owned,Non-foil,mainboard,false,,,"","",96994,false,false,"Marta Nael"
"Cast Out",4,"Enchantment",W,"drc","64",uncommon,null,Not Owned,Non-foil,mainboard,false,,,"","",137297,false,false,"Magali Villeneuve"
"Auroral Procession",2,"Instant",GU,"tdm","169",uncommon,null,Not Owned,Non-foil,mainboard,false,,,"","",139297,false,false,"Marco Gorlei"
"Shigeki, Jukai Visionary",2,"Legendary Enchantment Creature - Snake Druid",G,"tdc","270",rare,null,Not Owned,Non-foil,mainboard,false,,,"","",138477,false,false,"Anna Podedworna"
