pod	status	sheet_id
skycoach-conductor	active	12CEsijxs6i2oIfytVl25VZnF0Cvpwn7RNNZc6D7ml1k
sinkhole-surveyor	active	1jm5xS8MIkx6WhBthiqBshxItFIGwM0sizx_ZuHE3ZFE
eagles-of-the-north	active	1_PMi90Uj-S3RpFeqHF_g9WmGrsIzW6cHtvY_uELydFg
slickshot	archived-s4	1aSjy4BenSzlMkZubCSm6Jq0fV0WjdEao2EH25VaoJbY
kishla	archived-s4	UNKNOWN
raven-eagle	archived-s4	UNKNOWN
hard-academic	archived-s4	1cyQKgJBBp3HEOA1ECvd3iAZ_uGn0lpOj3N3y_0G359Y
baleful-strix	archived-s4	1BZc5bW2iHzl-OMeM6UrUQGQFioZfYCdRGN_frCTrlgQ
goose-mother	archived-s4	1GvW_9aQT3EgsPBuRXBjZ2N4qaT8Q2UpAEgK7DRUXvfI
yorion	archived-s4	1QmNInG_tr27jdePxJoIHX3YRh8O4n7q6QDGb0VtqFSQ
mockingbird	archived-s4	1IJ90RKGsvJsjF3C8vpwoF0u5zbQHHRa6GEnZEss5EWo
ledger-shredder	archived-s4	1eHX8qG-jCvycyzkCwI1fKaQOL3wnQ2Mh_oJoROvW4lU
aven-interrupter	archived-s4	1VzCUYnjbE4-jP4dK0sjFoLILe46lyu7Bml9cCpyy1vk
